assessment,jurisdiction,year,sample,value,stdError,errorFlag
math-4,AK,1992,R2,,,328
math-4,AL,1992,R2,208.328,1.562,8
math-4,AR,1992,R2,210.206,0.892,8
math-4,AZ,1992,R2,215.254,1.071,8
math-4,CA,1992,R2,208.399,1.561,8
math-4,CO,1992,R2,221.023,0.973,8
math-4,CT,1992,R2,226.798,1.131,8
math-4,DC,1992,R2,192.601,0.53,8
math-4,DE,1992,R2,217.9,0.777,8
math-4,FL,1992,R2,213.69,1.499,8
math-4,GA,1992,R2,215.595,1.232,8
math-4,HI,1992,R2,214.057,1.307,8
math-4,IA,1992,R2,229.884,1.016,8
math-4,ID,1992,R2,221.563,0.956,8
math-4,IL,1992,R2,,,328
math-4,IN,1992,R2,221.038,1.039,8
math-4,KS,1992,R2,,,328
math-4,KY,1992,R2,215.048,1.006,8
math-4,LA,1992,R2,204.14,1.462,8
math-4,MA,1992,R2,226.598,1.172,8
math-4,MD,1992,R2,217.318,1.28,8
math-4,ME,1992,R2,231.639,1.002,8
math-4,MI,1992,R2,219.878,1.714,8
math-4,MN,1992,R2,228.494,0.905,8
math-4,MO,1992,R2,222.216,1.186,8
math-4,MS,1992,R2,201.828,1.079,8
math-4,MT,1992,R2,,,328
math-4,NC,1992,R2,212.884,1.094,8
math-4,ND,1992,R2,228.663,0.768,8
math-4,NE,1992,R2,225.333,1.23,8
math-4,NH,1992,R2,229.665,1.153,8
math-4,NJ,1992,R2,227.148,1.474,8
math-4,NM,1992,R2,213.299,1.443,8
math-4,NP,1992,R2,218.584,0.801,8
math-4,NV,1992,R2,,,328
math-4,NY,1992,R2,218.446,1.245,8
math-4,OH,1992,R2,218.712,1.181,8
math-4,OK,1992,R2,220.32,0.979,8
math-4,OR,1992,R2,,,328
math-4,PA,1992,R2,224.306,1.343,8
math-4,RI,1992,R2,215.449,1.529,8
math-4,SC,1992,R2,212.497,1.081,8
math-4,SD,1992,R2,,,328
math-4,TN,1992,R2,210.948,1.352,8
math-4,TX,1992,R2,217.919,1.214,8
math-4,UT,1992,R2,224.042,0.967,8
math-4,VA,1992,R2,220.763,1.302,8
math-4,VT,1992,R2,,,328
math-4,WA,1992,R2,,,328
math-4,WI,1992,R2,228.692,1.072,8
math-4,WV,1992,R2,215.269,1.053,8
math-4,WY,1992,R2,225.378,0.93,8
math-4,AK,2005,R3,235.511,1.034,0
math-4,AL,2005,R3,225.071,0.866,0
math-4,AR,2005,R3,235.545,0.924,0
math-4,AZ,2005,R3,229.801,1.118,0
math-4,CA,2005,R3,230.367,0.584,0
math-4,CO,2005,R3,239.216,1.082,0
math-4,CT,2005,R3,242.121,0.782,0
math-4,DC,2005,R3,211.122,0.765,0
math-4,DE,2005,R3,239.717,0.461,0
math-4,FL,2005,R3,238.931,0.664,0
math-4,GA,2005,R3,233.636,0.967,0
math-4,HI,2005,R3,230.097,0.836,0
math-4,IA,2005,R3,239.881,0.718,0
math-4,ID,2005,R3,241.65,0.736,0
math-4,IL,2005,R3,233.067,0.98,0
math-4,IN,2005,R3,240.069,0.846,0
math-4,KS,2005,R3,245.782,0.951,0
math-4,KY,2005,R3,231.492,0.853,0
math-4,LA,2005,R3,230.231,0.884,0
math-4,MA,2005,R3,247.337,0.816,0
math-4,MD,2005,R3,238.422,1.032,0
math-4,ME,2005,R3,240.691,0.817,0
math-4,MI,2005,R3,237.706,1.204,0
math-4,MN,2005,R3,245.746,0.963,0
math-4,MO,2005,R3,235.036,0.874,0
math-4,MS,2005,R3,226.699,0.9,0
math-4,MT,2005,R3,240.575,0.798,0
math-4,NC,2005,R3,241.236,0.86,0
math-4,ND,2005,R3,242.737,0.5,0
math-4,NE,2005,R3,237.706,0.858,0
math-4,NH,2005,R3,245.626,0.846,0
math-4,NJ,2005,R3,243.979,1.127,0
math-4,NM,2005,R3,224.027,0.844,0
math-4,NP,2005,R3,237.102,0.16,0
math-4,NV,2005,R3,229.872,0.8,0
math-4,NY,2005,R3,238.174,0.855,0
math-4,OH,2005,R3,242.106,1,0
math-4,OK,2005,R3,233.955,0.972,0
math-4,OR,2005,R3,238.325,0.791,0
math-4,PA,2005,R3,240.573,1.171,0
math-4,RI,2005,R3,233.437,0.935,0
math-4,SC,2005,R3,238.303,0.88,0
math-4,SD,2005,R3,241.594,0.507,0
math-4,TN,2005,R3,231.688,1.224,0
math-4,TX,2005,R3,241.991,0.577,0
math-4,UT,2005,R3,238.797,0.776,0
math-4,VA,2005,R3,240.498,0.927,0
math-4,VT,2005,R3,243.529,0.532,0
math-4,WA,2005,R3,241.685,0.916,0
math-4,WI,2005,R3,240.569,0.937,0
math-4,WV,2005,R3,230.843,0.738,0
math-4,WY,2005,R3,242.956,0.614,0
math-4,AK,2007,R3,237.274,0.974,0
math-4,AL,2007,R3,228.52,1.315,0
math-4,AR,2007,R3,237.671,1.1,0
math-4,AZ,2007,R3,231.937,1.003,0
math-4,CA,2007,R3,230.034,0.689,0
math-4,CO,2007,R3,240.206,1.037,0
math-4,CT,2007,R3,242.756,1.088,0
math-4,DC,2007,R3,213.699,0.811,0
math-4,DE,2007,R3,241.795,0.401,0
math-4,FL,2007,R3,242.02,0.777,0
math-4,GA,2007,R3,235.209,0.795,0
math-4,HI,2007,R3,234.286,0.786,0
math-4,IA,2007,R3,242.82,0.824,0
math-4,ID,2007,R3,240.903,0.715,0
math-4,IL,2007,R3,237.287,1.055,0
math-4,IN,2007,R3,245.144,0.824,0
math-4,KS,2007,R3,247.924,0.889,0
math-4,KY,2007,R3,235.088,0.9,0
math-4,LA,2007,R3,230.043,0.956,0
math-4,MA,2007,R3,252.43,0.829,0
math-4,MD,2007,R3,240.328,0.933,0
math-4,ME,2007,R3,242.371,0.824,0
math-4,MI,2007,R3,237.606,1.251,0
math-4,MN,2007,R3,246.998,1.04,0
math-4,MO,2007,R3,239.411,0.919,0
math-4,MS,2007,R3,227.612,1.011,0
math-4,MT,2007,R3,243.619,0.753,0
math-4,NC,2007,R3,241.618,0.765,0
math-4,ND,2007,R3,245.416,0.506,0
math-4,NE,2007,R3,238.041,1.118,0
math-4,NH,2007,R3,248.572,0.802,0
math-4,NJ,2007,R3,248.622,1.076,0
math-4,NM,2007,R3,228.064,0.931,0
math-4,NP,2007,R3,239.064,0.166,0
math-4,NV,2007,R3,231.782,0.893,0
math-4,NY,2007,R3,242.543,0.787,0
math-4,OH,2007,R3,244.533,1.034,0
math-4,OK,2007,R3,236.802,0.798,0
math-4,OR,2007,R3,236.04,0.973,0
math-4,PA,2007,R3,244.001,0.78,0
math-4,RI,2007,R3,235.878,0.863,0
math-4,SC,2007,R3,237.107,0.83,0
math-4,SD,2007,R3,241.213,0.656,0
math-4,TN,2007,R3,232.754,0.876,0
math-4,TX,2007,R3,242.34,0.687,0
math-4,UT,2007,R3,239.405,0.901,0
math-4,VA,2007,R3,243.521,0.881,0
math-4,VT,2007,R3,246.357,0.518,0
math-4,WA,2007,R3,242.542,0.973,0
math-4,WI,2007,R3,244.181,0.911,0
math-4,WV,2007,R3,236.338,0.864,0
math-4,WY,2007,R3,243.867,0.456,0
math-4,AK,2003,R3,232.992,0.805,0
math-4,AL,2003,R3,223.345,1.184,0
math-4,AR,2003,R3,229.007,0.917,0
math-4,AZ,2003,R3,228.911,1.072,0
math-4,CA,2003,R3,227.455,0.912,0
math-4,CO,2003,R3,235.193,1.023,0
math-4,CT,2003,R3,240.615,0.765,0
math-4,DC,2003,R3,204.92,0.656,0
math-4,DE,2003,R3,235.859,0.476,0
math-4,FL,2003,R3,233.729,1.061,0
math-4,GA,2003,R3,230.255,1.003,0
math-4,HI,2003,R3,226.835,0.955,0
math-4,IA,2003,R3,238.477,0.707,0
math-4,ID,2003,R3,234.944,0.679,0
math-4,IL,2003,R3,232.857,1.059,0
math-4,IN,2003,R3,237.968,0.893,0
math-4,KS,2003,R3,241.747,1.039,0
math-4,KY,2003,R3,228.726,1.09,0
math-4,LA,2003,R3,226.248,1.046,0
math-4,MA,2003,R3,241.665,0.798,0
math-4,MD,2003,R3,233.08,1.275,0
math-4,ME,2003,R3,237.616,0.713,0
math-4,MI,2003,R3,235.687,0.928,0
math-4,MN,2003,R3,241.912,0.927,0
math-4,MO,2003,R3,234.836,0.945,0
math-4,MS,2003,R3,222.891,1.036,0
math-4,MT,2003,R3,235.755,0.829,0
math-4,NC,2003,R3,242.04,0.777,0
math-4,ND,2003,R3,237.577,0.675,0
math-4,NE,2003,R3,236.254,0.79,0
math-4,NH,2003,R3,243.11,0.858,0
math-4,NJ,2003,R3,238.777,1.095,0
math-4,NM,2003,R3,222.518,1.056,0
math-4,NP,2003,R3,233.953,0.223,0
math-4,NV,2003,R3,227.514,0.779,0
math-4,NY,2003,R3,235.93,0.885,0
math-4,OH,2003,R3,237.782,1.026,0
math-4,OK,2003,R3,229.097,0.97,0
math-4,OR,2003,R3,236.306,0.91,0
math-4,PA,2003,R3,235.947,1.083,0
math-4,RI,2003,R3,230.298,1.037,0
math-4,SC,2003,R3,235.793,0.927,0
math-4,SD,2003,R3,237.265,0.699,0
math-4,TN,2003,R3,227.755,0.99,0
math-4,TX,2003,R3,237.306,0.889,0
math-4,UT,2003,R3,234.783,0.776,0
math-4,VA,2003,R3,239.203,1.075,0
math-4,VT,2003,R3,241.926,0.752,0
math-4,WA,2003,R3,238.293,0.95,0
math-4,WI,2003,R3,236.755,0.859,0
math-4,WV,2003,R3,230.768,0.838,0
math-4,WY,2003,R3,241.086,0.602,0
math-4,AK,2011,R3,236.36,0.864,0
math-4,AL,2011,R3,231.286,1.03,0
math-4,AR,2011,R3,237.81,0.752,0
math-4,AZ,2011,R3,235.158,1.086,0
math-4,CA,2011,R3,234.165,1.392,0
math-4,CO,2011,R3,244.456,0.919,0
math-4,CT,2011,R3,242.413,1.267,0
math-4,DC,2011,R3,221.808,0.686,0
math-4,DE,2011,R3,240.36,0.551,0
math-4,FL,2011,R3,239.826,0.826,0
math-4,GA,2011,R3,238.367,0.736,0
math-4,HI,2011,R3,238.822,0.663,0
math-4,IA,2011,R3,242.605,0.786,0
math-4,ID,2011,R3,240.329,0.639,0
math-4,IL,2011,R3,238.837,1.06,0
math-4,IN,2011,R3,243.837,1.007,0
math-4,KS,2011,R3,246.255,0.901,0
math-4,KY,2011,R3,240.831,0.801,0
math-4,LA,2011,R3,230.779,1.044,0
math-4,MA,2011,R3,253.396,0.793,0
math-4,MD,2011,R3,247.107,0.888,0
math-4,ME,2011,R3,244.257,0.708,0
math-4,MI,2011,R3,236.402,1.054,0
math-4,MN,2011,R3,249.187,0.884,0
math-4,MO,2011,R3,240.495,0.853,0
math-4,MS,2011,R3,229.868,0.912,0
math-4,MT,2011,R3,243.797,0.609,0
math-4,NC,2011,R3,244.518,0.699,0
math-4,ND,2011,R3,245.156,0.433,0
math-4,NE,2011,R3,239.803,0.987,0
math-4,NH,2011,R3,251.779,0.611,0
math-4,NJ,2011,R3,248.004,0.948,0
math-4,NM,2011,R3,232.84,0.756,0
math-4,NP,2011,R3,240.112,0.219,0
math-4,NV,2011,R3,237.032,0.766,0
math-4,NY,2011,R3,237.52,0.793,0
math-4,OH,2011,R3,244.039,0.789,0
math-4,OK,2011,R3,237.429,0.785,0
math-4,OR,2011,R3,236.914,0.879,0
math-4,PA,2011,R3,245.655,1.141,0
math-4,RI,2011,R3,241.625,0.699,0
math-4,SC,2011,R3,237.303,0.986,0
math-4,SD,2011,R3,240.98,0.641,0
math-4,TN,2011,R3,232.901,0.881,0
math-4,TX,2011,R3,241.102,1.122,0
math-4,UT,2011,R3,242.538,0.813,0
math-4,VA,2011,R3,245.334,0.841,0
math-4,VT,2011,R3,246.64,0.456,0
math-4,WA,2011,R3,243.183,0.944,0
math-4,WI,2011,R3,244.692,0.821,0
math-4,WV,2011,R3,234.656,0.658,0
math-4,WY,2011,R3,243.874,0.448,0
math-4,AK,2013,R3,236.122,0.838,0
math-4,AL,2013,R3,232.861,1.006,0
math-4,AR,2013,R3,239.891,0.854,0
math-4,AZ,2013,R3,240.305,1.21,0
math-4,CA,2013,R3,233.654,1.216,0
math-4,CO,2013,R3,246.976,0.839,0
math-4,CT,2013,R3,243.44,0.915,0
math-4,DC,2013,R3,228.567,0.682,0
math-4,DE,2013,R3,243.108,0.652,0
math-4,FL,2013,R3,241.676,0.765,0
math-4,GA,2013,R3,240.047,0.957,0
math-4,HI,2013,R3,243.309,0.757,0
math-4,IA,2013,R3,245.794,0.916,0
math-4,ID,2013,R3,240.722,0.897,0
math-4,IL,2013,R3,239,1.166,0
math-4,IN,2013,R3,248.597,0.943,0
math-4,KS,2013,R3,246.186,0.772,0
math-4,KY,2013,R3,241.47,0.895,0
math-4,LA,2013,R3,231.366,1.2,0
math-4,MA,2013,R3,253.034,1.008,0
math-4,MD,2013,R3,245.169,1.307,0
math-4,ME,2013,R3,245.847,0.699,0
math-4,MI,2013,R3,236.82,1.135,0
math-4,MN,2013,R3,253.421,1.137,0
math-4,MO,2013,R3,239.548,0.829,0
math-4,MS,2013,R3,231.106,0.738,0
math-4,MT,2013,R3,243.699,0.611,0
math-4,NC,2013,R3,244.802,0.865,0
math-4,ND,2013,R3,246.425,0.456,0
math-4,NE,2013,R3,243.158,0.954,0
math-4,NH,2013,R3,252.994,0.781,0
math-4,NJ,2013,R3,246.871,1.073,0
math-4,NM,2013,R3,232.781,0.694,0
math-4,NP,2013,R3,241.18,0.216,0
math-4,NV,2013,R3,236.263,0.775,0
math-4,NY,2013,R3,240.35,0.973,0
math-4,OH,2013,R3,245.55,1.101,0
math-4,OK,2013,R3,238.922,0.695,0
math-4,OR,2013,R3,240.099,1.328,0
math-4,PA,2013,R3,244.013,1.047,0
math-4,RI,2013,R3,241.417,0.769,0
math-4,SC,2013,R3,236.626,1.038,0
math-4,SD,2013,R3,240.981,0.535,0
math-4,TN,2013,R3,239.775,0.913,0
math-4,TX,2013,R3,241.926,0.928,0
math-4,UT,2013,R3,242.821,0.921,0
math-4,VA,2013,R3,246.177,1.057,0
math-4,VT,2013,R3,247.803,0.565,0
math-4,WA,2013,R3,246.288,1.092,0
math-4,WI,2013,R3,244.706,1.019,0
math-4,WV,2013,R3,237.441,0.762,0
math-4,WY,2013,R3,246.522,0.387,0
math-4,AK,2009,R3,237.212,0.892,0
math-4,AL,2009,R3,227.963,1.107,0
math-4,AR,2009,R3,237.541,0.852,0
math-4,AZ,2009,R3,229.991,1.056,0
math-4,CA,2009,R3,231.675,1.195,0
math-4,CO,2009,R3,243.132,1.004,0
math-4,CT,2009,R3,244.718,0.981,0
math-4,DC,2009,R3,219.26,0.69,0
math-4,DE,2009,R3,239.491,0.516,0
math-4,FL,2009,R3,241.945,0.97,0
math-4,GA,2009,R3,236.03,0.879,0
math-4,HI,2009,R3,235.68,1.072,0
math-4,IA,2009,R3,242.596,0.843,0
math-4,ID,2009,R3,241.043,0.768,0
math-4,IL,2009,R3,238.286,1.035,0
math-4,IN,2009,R3,242.617,0.892,0
math-4,KS,2009,R3,245.309,0.995,0
math-4,KY,2009,R3,238.836,1.054,0
math-4,LA,2009,R3,229.432,1.009,0
math-4,MA,2009,R3,252.255,0.881,0
math-4,MD,2009,R3,243.795,0.925,0
math-4,ME,2009,R3,244.456,0.812,0
math-4,MI,2009,R3,236.28,0.988,0
math-4,MN,2009,R3,249.456,1.147,0
math-4,MO,2009,R3,240.684,1.169,0
math-4,MS,2009,R3,227.262,0.968,0
math-4,MT,2009,R3,244.401,0.732,0
math-4,NC,2009,R3,243.778,0.842,0
math-4,ND,2009,R3,245.19,0.553,0
math-4,NE,2009,R3,238.748,1.002,0
math-4,NH,2009,R3,251.072,0.768,0
math-4,NJ,2009,R3,246.53,1.005,0
math-4,NM,2009,R3,230.03,1.026,0
math-4,NP,2009,R3,239.093,0.235,0
math-4,NV,2009,R3,235.152,0.854,0
math-4,NY,2009,R3,240.641,0.717,0
math-4,OH,2009,R3,243.688,1.149,0
math-4,OK,2009,R3,236.781,0.887,0
math-4,OR,2009,R3,238.032,0.886,0
math-4,PA,2009,R3,243.588,1.073,0
math-4,RI,2009,R3,238.767,0.819,0
math-4,SC,2009,R3,235.668,0.893,0
math-4,SD,2009,R3,242.098,0.494,0
math-4,TN,2009,R3,231.825,1.063,0
math-4,TX,2009,R3,240.465,0.746,0
math-4,UT,2009,R3,240.319,0.995,0
math-4,VA,2009,R3,243.071,0.989,0
math-4,VT,2009,R3,247.767,0.44,0
math-4,WA,2009,R3,242.257,0.845,0
math-4,WI,2009,R3,243.585,0.853,0
math-4,WV,2009,R3,232.983,0.815,0
math-4,WY,2009,R3,242.009,0.571,0
math-4,AK,1996,R3,,,320
math-4,AL,1996,R3,,,320
math-4,AR,1996,R3,,,320
math-4,AZ,1996,R3,,,320
math-4,CA,1996,R3,,,320
math-4,CO,1996,R3,,,320
math-4,CT,1996,R3,,,320
math-4,DC,1996,R3,,,320
math-4,DE,1996,R3,,,320
math-4,FL,1996,R3,,,320
math-4,GA,1996,R3,,,320
math-4,HI,1996,R3,,,320
math-4,IA,1996,R3,,,320
math-4,ID,1996,R3,,,320
math-4,IL,1996,R3,,,320
math-4,IN,1996,R3,,,320
math-4,KS,1996,R3,,,320
math-4,KY,1996,R3,,,320
math-4,LA,1996,R3,,,320
math-4,MA,1996,R3,,,320
math-4,MD,1996,R3,,,320
math-4,ME,1996,R3,,,320
math-4,MI,1996,R3,,,320
math-4,MN,1996,R3,,,320
math-4,MO,1996,R3,,,320
math-4,MS,1996,R3,,,320
math-4,MT,1996,R3,,,320
math-4,NC,1996,R3,,,320
math-4,ND,1996,R3,,,320
math-4,NE,1996,R3,,,320
math-4,NH,1996,R3,,,320
math-4,NJ,1996,R3,,,320
math-4,NM,1996,R3,,,320
math-4,NP,1996,R3,222.035,1.097,0
math-4,NV,1996,R3,,,320
math-4,NY,1996,R3,,,320
math-4,OH,1996,R3,,,320
math-4,OK,1996,R3,,,320
math-4,OR,1996,R3,,,320
math-4,PA,1996,R3,,,320
math-4,RI,1996,R3,,,320
math-4,SC,1996,R3,,,320
math-4,SD,1996,R3,,,320
math-4,TN,1996,R3,,,320
math-4,TX,1996,R3,,,320
math-4,UT,1996,R3,,,320
math-4,VA,1996,R3,,,320
math-4,VT,1996,R3,,,320
math-4,WA,1996,R3,,,320
math-4,WI,1996,R3,,,320
math-4,WV,1996,R3,,,320
math-4,WY,1996,R3,,,320
math-4,AK,2019,R3,232.307,0.706,0
math-4,AL,2019,R3,229.651,0.99,0
math-4,AR,2019,R3,233.252,0.998,0
math-4,AZ,2019,R3,237.61,0.828,0
math-4,CA,2019,R3,234.722,0.845,0
math-4,CO,2019,R3,241.866,0.946,0
math-4,CT,2019,R3,243.26,0.837,0
math-4,DC,2019,R3,234.635,0.691,0
math-4,DE,2019,R3,239.32,0.738,0
math-4,FL,2019,R3,245.958,0.787,0
math-4,GA,2019,R3,237.648,1.012,0
math-4,HI,2019,R3,238.567,0.712,0
math-4,IA,2019,R3,240.689,1.051,0
math-4,ID,2019,R3,241.899,0.917,0
math-4,IL,2019,R3,237.397,1.176,0
math-4,IN,2019,R3,244.883,1.097,0
math-4,KS,2019,R3,239.44,0.769,0
math-4,KY,2019,R3,239.311,1.061,0
math-4,LA,2019,R3,231.297,1.147,0
math-4,MA,2019,R3,247.319,1.07,0
math-4,MD,2019,R3,238.562,1.217,0
math-4,ME,2019,R3,240.758,0.981,0
math-4,MI,2019,R3,236.152,1.214,0
math-4,MN,2019,R3,248.41,0.968,0
math-4,MO,2019,R3,238.41,1.016,0
math-4,MS,2019,R3,240.707,0.835,0
math-4,MT,2019,R3,241.113,0.824,0
math-4,NC,2019,R3,241.408,1.006,0
math-4,ND,2019,R3,242.928,0.699,0
math-4,NE,2019,R3,243.771,0.69,0
math-4,NH,2019,R3,244.559,0.835,0
math-4,NJ,2019,R3,245.932,1.077,0
math-4,NM,2019,R3,231.11,0.817,0
math-4,NP,2019,R3,240.004,0.203,0
math-4,NV,2019,R3,235.626,0.837,0
math-4,NY,2019,R3,236.731,1.122,0
math-4,OH,2019,R3,241.14,1.009,0
math-4,OK,2019,R3,237.195,0.819,0
math-4,OR,2019,R3,236.349,0.989,0
math-4,PA,2019,R3,243.937,1.132,0
math-4,RI,2019,R3,239.344,0.765,0
math-4,SC,2019,R3,236.755,1.077,0
math-4,SD,2019,R3,241.296,0.716,0
math-4,TN,2019,R3,239.699,0.968,0
math-4,TX,2019,R3,243.617,0.964,0
math-4,UT,2019,R3,243.789,1.012,0
math-4,VA,2019,R3,246.889,1.238,0
math-4,VT,2019,R3,238.9,0.65,0
math-4,WA,2019,R3,239.511,1.159,0
math-4,WI,2019,R3,241.671,1.132,0
math-4,WV,2019,R3,231.496,0.889,0
math-4,WY,2019,R3,245.843,0.723,0
math-4,AK,2022,R3,225.923,1.28,0
math-4,AL,2022,R3,230.04,1.243,0
math-4,AR,2022,R3,228.139,1.406,0
math-4,AZ,2022,R3,231.981,1.453,0
math-4,CA,2022,R3,230.359,1.549,0
math-4,CO,2022,R3,236.173,1.187,0
math-4,CT,2022,R3,236.356,1.457,0
math-4,DC,2022,R3,222.646,1.025,0
math-4,DE,2022,R3,225.579,1.237,0
math-4,FL,2022,R3,240.83,1.22,0
math-4,GA,2022,R3,234.91,1.15,0
math-4,HI,2022,R3,236.504,0.938,0
math-4,IA,2022,R3,239.833,1.14,0
math-4,ID,2022,R3,236.195,0.993,0
math-4,IL,2022,R3,237.076,1.391,0
math-4,IN,2022,R3,239.153,1.334,0
math-4,KS,2022,R3,235.033,1.301,0
math-4,KY,2022,R3,233.803,1.232,0
math-4,LA,2022,R3,228.57,1.272,0
math-4,MA,2022,R3,241.732,1.203,0
math-4,MD,2022,R3,228.587,1.373,0
math-4,ME,2022,R3,233.073,1.115,0
math-4,MI,2022,R3,232.197,1.479,0
math-4,MN,2022,R3,239.008,1.335,0
math-4,MO,2022,R3,232.379,1.518,0
math-4,MS,2022,R3,233.559,1.014,0
math-4,MT,2022,R3,238.519,0.933,0
math-4,NC,2022,R3,235.958,1.306,0
math-4,ND,2022,R3,240.081,0.916,0
math-4,NE,2022,R3,241.559,1.178,0
math-4,NH,2022,R3,239.394,1.078,0
math-4,NJ,2022,R3,239.231,1.646,0
math-4,NM,2022,R3,221.254,1.053,0
math-4,NP,2022,R3,234.859,0.291,0
math-4,NV,2022,R3,229.348,1.201,0
math-4,NY,2022,R3,227.09,1.456,0
math-4,OH,2022,R3,237.759,1.133,0
math-4,OK,2022,R3,229.488,1.216,0
math-4,OR,2022,R3,228.192,1.096,0
math-4,PA,2022,R3,237.539,1.467,0
math-4,RI,2022,R3,234.13,1.1,0
math-4,SC,2022,R3,234.224,1.138,0
math-4,SD,2022,R3,239.007,0.899,0
math-4,TN,2022,R3,236.354,1.301,0
math-4,TX,2022,R3,238.576,1.298,0
math-4,UT,2022,R3,239.614,1.313,0
math-4,VA,2022,R3,236.356,1.594,0
math-4,VT,2022,R3,234.294,0.823,0
math-4,WA,2022,R3,234.933,1.581,0
math-4,WI,2022,R3,240.258,1.07,0
math-4,WV,2022,R3,225.968,0.946,0
math-4,WY,2022,R3,243.146,0.899,0
math-4,AK,2015,R3,236.328,1.066,0
math-4,AL,2015,R3,230.977,0.938,0
math-4,AR,2015,R3,235.215,0.846,0
math-4,AZ,2015,R3,237.612,0.997,0
math-4,CA,2015,R3,231.549,1.38,0
math-4,CO,2015,R3,241.564,0.97,0
math-4,CT,2015,R3,240.159,0.926,0
math-4,DC,2015,R3,231.308,0.597,0
math-4,DE,2015,R3,238.678,0.594,0
math-4,FL,2015,R3,242.664,0.969,0
math-4,GA,2015,R3,236.453,1.222,0
math-4,HI,2015,R3,237.896,0.87,0
math-4,IA,2015,R3,243.34,0.918,0
math-4,ID,2015,R3,238.8,0.897,0
math-4,IL,2015,R3,237.308,1.218,0
math-4,IN,2015,R3,247.652,1.108,0
math-4,KS,2015,R3,241.067,0.975,0
math-4,KY,2015,R3,241.728,1.118,0
math-4,LA,2015,R3,234.282,1.118,0
math-4,MA,2015,R3,250.566,1.224,0
math-4,MD,2015,R3,239.5,1.027,0
math-4,ME,2015,R3,242.245,0.845,0
math-4,MI,2015,R3,235.729,1.16,0
math-4,MN,2015,R3,249.576,1.207,0
math-4,MO,2015,R3,238.965,0.931,0
math-4,MS,2015,R3,234.243,0.928,0
math-4,MT,2015,R3,241.287,0.681,0
math-4,NC,2015,R3,243.742,0.963,0
math-4,ND,2015,R3,244.714,0.511,0
math-4,NE,2015,R3,243.864,0.869,0
math-4,NH,2015,R3,249.151,0.804,0
math-4,NJ,2015,R3,245.383,1.235,0
math-4,NM,2015,R3,231.167,0.835,0
math-4,NP,2015,R3,239.854,0.276,0
math-4,NV,2015,R3,233.827,1.093,0
math-4,NY,2015,R3,236.797,0.907,0
math-4,OH,2015,R3,243.599,1.18,0
math-4,OK,2015,R3,239.76,1.024,0
math-4,OR,2015,R3,237.747,1.063,0
math-4,PA,2015,R3,243.312,1.438,0
math-4,RI,2015,R3,238.002,0.731,0
math-4,SC,2015,R3,237.09,1.057,0
math-4,SD,2015,R3,239.723,0.737,0
math-4,TN,2015,R3,240.667,1.143,0
math-4,TX,2015,R3,244.002,1.276,0
math-4,UT,2015,R3,242.563,0.976,0
math-4,VA,2015,R3,246.613,1.281,0
math-4,VT,2015,R3,243.25,0.664,0
math-4,WA,2015,R3,244.981,1.34,0
math-4,WI,2015,R3,243.31,1.126,0
math-4,WV,2015,R3,235.205,0.836,0
math-4,WY,2015,R3,246.76,0.571,0
math-4,AK,2017,R3,230.456,0.879,0
math-4,AL,2017,R3,232.171,0.954,0
math-4,AR,2017,R3,233.848,0.938,0
math-4,AZ,2017,R3,234.436,1.055,0
math-4,CA,2017,R3,232.263,1.167,0
math-4,CO,2017,R3,240.695,1.066,0
math-4,CT,2017,R3,239.238,1.112,0
math-4,DC,2017,R3,231.32,0.734,0
math-4,DE,2017,R3,236.128,0.79,0
math-4,FL,2017,R3,246.368,0.726,0
math-4,GA,2017,R3,236.384,1.127,0
math-4,HI,2017,R3,237.92,0.757,0
math-4,IA,2017,R3,243.107,1.064,0
math-4,ID,2017,R3,239.968,0.879,0
math-4,IL,2017,R3,238.119,1.046,0
math-4,IN,2017,R3,246.514,1.141,0
math-4,KS,2017,R3,241.213,0.938,0
math-4,KY,2017,R3,239.178,0.855,0
math-4,LA,2017,R3,228.972,1.246,0
math-4,MA,2017,R3,249.103,0.95,0
math-4,MD,2017,R3,240.601,1.141,0
math-4,ME,2017,R3,239.899,0.899,0
math-4,MI,2017,R3,235.555,1.303,0
math-4,MN,2017,R3,248.804,1.243,0
math-4,MO,2017,R3,239.502,1.092,0
math-4,MS,2017,R3,234.694,0.843,0
math-4,MT,2017,R3,240.722,0.767,0
math-4,NC,2017,R3,240.951,0.956,0
math-4,ND,2017,R3,244.244,0.689,0
math-4,NE,2017,R3,245.591,0.889,0
math-4,NH,2017,R3,245.32,0.856,0
math-4,NJ,2017,R3,247.855,1.322,0
math-4,NM,2017,R3,229.704,0.818,0
math-4,NP,2017,R3,239.163,0.236,0
math-4,NV,2017,R3,231.685,1.153,0
math-4,NY,2017,R3,235.548,0.973,0
math-4,OH,2017,R3,240.928,0.977,0
math-4,OK,2017,R3,237.326,0.934,0
math-4,OR,2017,R3,233.132,1.084,0
math-4,PA,2017,R3,241.672,0.99,0
math-4,RI,2017,R3,237.555,0.73,0
math-4,SC,2017,R3,234.044,0.959,0
math-4,SD,2017,R3,241.589,0.768,0
math-4,TN,2017,R3,236.693,0.991,0
math-4,TX,2017,R3,240.944,1.161,0
math-4,UT,2017,R3,242.481,1.013,0
math-4,VA,2017,R3,248.041,0.994,0
math-4,VT,2017,R3,240.893,0.745,0
math-4,WA,2017,R3,241.701,1.279,0
math-4,WI,2017,R3,240.389,0.903,0
math-4,WV,2017,R3,236.057,0.991,0
math-4,WY,2017,R3,247.821,0.645,0
math-4,AK,2024,R3,225.86,1.171,0
math-4,AL,2024,R3,236.356,1.646,0
math-4,AR,2024,R3,230.329,1.331,0
math-4,AZ,2024,R3,232.411,1.64,0
math-4,CA,2024,R3,233.045,1.268,0
math-4,CO,2024,R3,239.131,1.201,0
math-4,CT,2024,R3,239.072,1.218,0
math-4,DC,2024,R3,230.633,1.102,0
math-4,DE,2024,R3,233.189,0.971,0
math-4,FL,2024,R3,243.404,1.09,0
math-4,GA,2024,R3,236.11,1.344,0
math-4,HI,2024,R3,239.28,0.997,0
math-4,IA,2024,R3,237.045,1.087,0
math-4,ID,2024,R3,238.393,1.128,0
math-4,IL,2024,R3,236.081,1.362,0
math-4,IN,2024,R3,240.307,1.343,0
math-4,KS,2024,R3,237.201,1.181,0
math-4,KY,2024,R3,237.814,1.201,0
math-4,LA,2024,R3,234.548,1.323,0
math-4,MA,2024,R3,246.488,1.382,0
math-4,MD,2024,R3,234.086,1.45,0
math-4,ME,2024,R3,233.134,1.044,0
math-4,MI,2024,R3,235.22,1.215,0
math-4,MN,2024,R3,240.66,1.197,0
math-4,MO,2024,R3,235.003,1.18,0
math-4,MS,2024,R3,239.176,0.981,0
math-4,MT,2024,R3,238.465,1.244,0
math-4,NC,2024,R3,238.861,1.381,0
math-4,ND,2024,R3,241.279,0.934,0
math-4,NE,2024,R3,238.196,1.028,0
math-4,NH,2024,R3,241.558,0.991,0
math-4,NJ,2024,R3,240.136,1.853,0
math-4,NM,2024,R3,223.846,1.016,0
math-4,NP,2024,R3,237.305,0.291,0
math-4,NV,2024,R3,233.241,1.333,0
math-4,NY,2024,R3,234.165,1.721,0
math-4,OH,2024,R3,239.416,1.402,0
math-4,OK,2024,R3,232.559,1.145,0
math-4,OR,2024,R3,228.69,1.164,0
math-4,PA,2024,R3,238.183,1.32,0
math-4,RI,2024,R3,237.29,1.058,0
math-4,SC,2024,R3,237.646,1.176,0
math-4,SD,2024,R3,239.879,1.27,0
math-4,TN,2024,R3,239.617,1.232,0
math-4,TX,2024,R3,240.511,1.235,0
math-4,UT,2024,R3,241.544,1.109,0
math-4,VA,2024,R3,237.874,1.447,0
math-4,VT,2024,R3,234.847,0.891,0
math-4,WA,2024,R3,237.591,1.407,0
math-4,WI,2024,R3,239.251,1.158,0
math-4,WV,2024,R3,231.514,0.974,0
math-4,WY,2024,R3,243.4,0.761,0
math-4,AK,2000,R3,,,320
math-4,AL,2000,R3,217.223,1.203,0
math-4,AR,2000,R3,216.176,1.085,0
math-4,AZ,2000,R3,218.868,1.257,0
math-4,CA,2000,R3,212.694,1.63,0
math-4,CO,2000,R3,,,320
math-4,CT,2000,R3,233.768,1.135,0
math-4,DC,2000,R3,191.582,1.056,0
math-4,DE,2000,R3,,,320
math-4,FL,2000,R3,,,320
math-4,GA,2000,R3,218.977,1.11,0
math-4,HI,2000,R3,216.319,1.044,0
math-4,IA,2000,R3,231.073,1.22,0
math-4,ID,2000,R3,224.472,1.351,0
math-4,IL,2000,R3,222.976,1.908,0
math-4,IN,2000,R3,233.026,1.112,0
math-4,KS,2000,R3,232.092,1.643,0
math-4,KY,2000,R3,219.38,1.389,0
math-4,LA,2000,R3,218.187,1.353,0
math-4,MA,2000,R3,233.394,1.219,0
math-4,MD,2000,R3,221.537,1.183,0
math-4,ME,2000,R3,229.545,1,0
math-4,MI,2000,R3,229.31,1.622,0
math-4,MN,2000,R3,233.72,1.284,0
math-4,MO,2000,R3,227.801,1.217,0
math-4,MS,2000,R3,210.558,1.135,0
math-4,MT,2000,R3,228.472,1.726,0
math-4,NC,2000,R3,229.902,1.13,0
math-4,ND,2000,R3,229.816,1.2,0
math-4,NE,2000,R3,225.057,1.827,0
math-4,NH,2000,R3,,,320
math-4,NJ,2000,R3,,,320
math-4,NM,2000,R3,213.476,1.46,0
math-4,NP,2000,R3,224.206,0.969,0
math-4,NV,2000,R3,219.551,0.981,0
math-4,NY,2000,R3,225.139,1.397,0
math-4,OH,2000,R3,230.008,1.503,0
math-4,OK,2000,R3,223.73,1.035,0
math-4,OR,2000,R3,223.914,1.796,0
math-4,PA,2000,R3,,,320
math-4,RI,2000,R3,224.07,1.103,0
math-4,SC,2000,R3,219.869,1.368,0
math-4,SD,2000,R3,,,320
math-4,TN,2000,R3,219.847,1.41,0
math-4,TX,2000,R3,231.278,1.087,0
math-4,UT,2000,R3,226.809,1.302,0
math-4,VA,2000,R3,229.541,0.996,0
math-4,VT,2000,R3,231.564,1.573,0
math-4,WA,2000,R3,,,320
math-4,WI,2000,R3,,,288
math-4,WV,2000,R3,223.204,1.274,0
math-4,WY,2000,R3,228.627,1.128,0
math-4,AK,2000,R2,,,328
math-4,AL,2000,R2,217.941,1.408,8
math-4,AR,2000,R2,217.063,1.134,8
math-4,AZ,2000,R2,218.767,1.416,8
math-4,CA,2000,R2,213.565,1.845,8
math-4,CO,2000,R2,,,328
math-4,CT,2000,R2,234.243,1.157,8
math-4,DC,2000,R2,193.29,1.171,8
math-4,DE,2000,R2,,,328
math-4,FL,2000,R2,,,328
math-4,GA,2000,R2,219.557,1.063,8
math-4,HI,2000,R2,215.847,1.149,8
math-4,IA,2000,R2,232.897,1.269,8
math-4,ID,2000,R2,226.894,1.209,8
math-4,IL,2000,R2,224.93,1.922,8
math-4,IN,2000,R2,234.421,1.077,8
math-4,KS,2000,R2,231.953,1.529,8
math-4,KY,2000,R2,220.994,1.167,8
math-4,LA,2000,R2,217.964,1.395,8
math-4,MA,2000,R2,234.96,1.123,8
math-4,MD,2000,R2,222.31,1.273,8
math-4,ME,2000,R2,230.569,0.921,8
math-4,MI,2000,R2,230.887,1.427,8
math-4,MN,2000,R2,235.271,1.325,8
math-4,MO,2000,R2,228.553,1.192,8
math-4,MS,2000,R2,210.97,1.066,8
math-4,MT,2000,R2,229.812,1.81,8
math-4,NC,2000,R2,232.463,0.999,8
math-4,ND,2000,R2,230.893,0.864,8
math-4,NE,2000,R2,225.945,1.717,8
math-4,NH,2000,R2,,,328
math-4,NJ,2000,R2,,,328
math-4,NM,2000,R2,213.868,1.484,8
math-4,NP,2000,R2,226.239,0.964,8
math-4,NV,2000,R2,220.275,1.176,8
math-4,NY,2000,R2,226.559,1.326,8
math-4,OH,2000,R2,230.574,1.325,8
math-4,OK,2000,R2,225.042,1.26,8
math-4,OR,2000,R2,226.629,1.635,8
math-4,PA,2000,R2,,,328
math-4,RI,2000,R2,224.634,1.223,8
math-4,SC,2000,R2,220.417,1.388,8
math-4,SD,2000,R2,,,328
math-4,TN,2000,R2,219.836,1.491,8
math-4,TX,2000,R2,232.666,1.208,8
math-4,UT,2000,R2,227.293,1.221,8
math-4,VA,2000,R2,230.395,1.273,8
math-4,VT,2000,R2,231.698,1.633,8
math-4,WA,2000,R2,,,328
math-4,WI,2000,R2,,,296
math-4,WV,2000,R2,224.848,1.198,8
math-4,WY,2000,R2,229.252,1.303,8
math-4,AK,1996,R2,223.833,1.256,8
math-4,AL,1996,R2,211.647,1.237,8
math-4,AR,1996,R2,215.846,1.458,8
math-4,AZ,1996,R2,217.576,1.729,8
math-4,CA,1996,R2,209.129,1.839,8
math-4,CO,1996,R2,225.806,1.044,8
math-4,CT,1996,R2,232.027,1.099,8
math-4,DC,1996,R2,187.135,1.09,8
math-4,DE,1996,R2,215.025,0.636,8
math-4,FL,1996,R2,215.764,1.16,8
math-4,GA,1996,R2,215.456,1.492,8
math-4,HI,1996,R2,214.966,1.452,8
math-4,IA,1996,R2,229.126,1.08,8
math-4,ID,1996,R2,,,328
math-4,IL,1996,R2,,,328
math-4,IN,1996,R2,229.394,1.048,8
math-4,KS,1996,R2,,,328
math-4,KY,1996,R2,219.988,1.072,8
math-4,LA,1996,R2,209.021,1.107,8
math-4,MA,1996,R2,228.966,1.35,8
math-4,MD,1996,R2,220.695,1.561,8
math-4,ME,1996,R2,232.207,1.024,8
math-4,MI,1996,R2,226.258,1.274,8
math-4,MN,1996,R2,232.193,1.076,8
math-4,MO,1996,R2,224.734,1.069,8
math-4,MS,1996,R2,208.434,1.22,8
math-4,MT,1996,R2,227.516,1.228,8
math-4,NC,1996,R2,224.325,1.192,8
math-4,ND,1996,R2,230.904,1.228,8
math-4,NE,1996,R2,227.544,1.181,8
math-4,NH,1996,R2,,,328
math-4,NJ,1996,R2,227.24,1.486,8
math-4,NM,1996,R2,213.844,1.752,8
math-4,NP,1996,R2,222.343,1.029,8
math-4,NV,1996,R2,217.623,1.304,8
math-4,NY,1996,R2,222.634,1.238,8
math-4,OH,1996,R2,,,328
math-4,OK,1996,R2,,,328
math-4,OR,1996,R2,223.476,1.353,8
math-4,PA,1996,R2,226.212,1.231,8
math-4,RI,1996,R2,220.418,1.393,8
math-4,SC,1996,R2,213.194,1.298,8
math-4,SD,1996,R2,,,328
math-4,TN,1996,R2,219.176,1.4,8
math-4,TX,1996,R2,228.713,1.364,8
math-4,UT,1996,R2,226.516,1.153,8
math-4,VA,1996,R2,222.643,1.361,8
math-4,VT,1996,R2,224.881,1.218,8
math-4,WA,1996,R2,225.053,1.237,8
math-4,WI,1996,R2,231.412,0.956,8
math-4,WV,1996,R2,223.35,1.01,8
math-4,WY,1996,R2,223.196,1.385,8
math-8,AK,1992,R2,,,328
math-8,AL,1992,R2,252.188,1.663,8
math-8,AR,1992,R2,256.312,1.186,8
math-8,AZ,1992,R2,265.366,1.263,8
math-8,CA,1992,R2,260.892,1.662,8
math-8,CO,1992,R2,272.398,1.043,8
math-8,CT,1992,R2,273.739,1.137,8
math-8,DC,1992,R2,234.925,0.875,8
math-8,DE,1992,R2,262.869,0.976,8
math-8,FL,1992,R2,259.909,1.461,8
math-8,GA,1992,R2,259.359,1.16,8
math-8,HI,1992,R2,257.411,0.856,8
math-8,IA,1992,R2,283.36,1.017,8
math-8,ID,1992,R2,275.09,0.742,8
math-8,IL,1992,R2,,,328
math-8,IN,1992,R2,270.099,1.144,8
math-8,KS,1992,R2,,,328
math-8,KY,1992,R2,262.241,1.113,8
math-8,LA,1992,R2,249.984,1.655,8
math-8,MA,1992,R2,272.783,1.046,8
math-8,MD,1992,R2,264.825,1.283,8
math-8,ME,1992,R2,278.635,0.98,8
math-8,MI,1992,R2,267.353,1.385,8
math-8,MN,1992,R2,282.392,0.961,8
math-8,MO,1992,R2,271.132,1.192,8
math-8,MS,1992,R2,246.458,1.178,8
math-8,MT,1992,R2,,,328
math-8,NC,1992,R2,258.405,1.171,8
math-8,ND,1992,R2,283.213,1.144,8
math-8,NE,1992,R2,277.655,1.106,8
math-8,NH,1992,R2,278.216,0.995,8
math-8,NJ,1992,R2,271.906,1.556,8
math-8,NM,1992,R2,259.607,0.897,8
math-8,NP,1992,R2,266.87,0.96,8
math-8,NV,1992,R2,,,328
math-8,NY,1992,R2,266.422,2.082,8
math-8,OH,1992,R2,268.124,1.523,8
math-8,OK,1992,R2,268.132,1.149,8
math-8,OR,1992,R2,,,328
math-8,PA,1992,R2,271.378,1.486,8
math-8,RI,1992,R2,265.907,0.732,8
math-8,SC,1992,R2,260.773,0.971,8
math-8,SD,1992,R2,,,328
math-8,TN,1992,R2,258.828,1.387,8
math-8,TX,1992,R2,264.593,1.298,8
math-8,UT,1992,R2,274.343,0.734,8
math-8,VA,1992,R2,267.864,1.161,8
math-8,VT,1992,R2,,,328
math-8,WA,1992,R2,,,328
math-8,WI,1992,R2,277.879,1.489,8
math-8,WV,1992,R2,259.086,1.005,8
math-8,WY,1992,R2,275.08,0.855,8
math-8,AK,2003,R3,279.025,0.945,0
math-8,AL,2003,R3,261.939,1.497,0
math-8,AR,2003,R3,265.772,1.225,0
math-8,AZ,2003,R3,271.177,1.196,0
math-8,CA,2003,R3,267.05,1.154,0
math-8,CO,2003,R3,283.4,1.066,0
math-8,CT,2003,R3,283.73,1.166,0
math-8,DC,2003,R3,243.06,0.79,0
math-8,DE,2003,R3,277.158,0.673,0
math-8,FL,2003,R3,271.371,1.514,0
math-8,GA,2003,R3,269.677,1.153,0
math-8,HI,2003,R3,265.729,0.782,0
math-8,IA,2003,R3,283.953,0.817,0
math-8,ID,2003,R3,279.939,0.912,0
math-8,IL,2003,R3,277.16,1.168,0
math-8,IN,2003,R3,281.221,1.122,0
math-8,KS,2003,R3,284.191,1.263,0
math-8,KY,2003,R3,274.278,1.234,0
math-8,LA,2003,R3,266.328,1.512,0
math-8,MA,2003,R3,286.521,0.889,0
math-8,MD,2003,R3,277.716,0.963,0
math-8,ME,2003,R3,281.904,0.875,0
math-8,MI,2003,R3,276.442,1.983,0
math-8,MN,2003,R3,290.68,1.065,0
math-8,MO,2003,R3,278.766,1.084,0
math-8,MS,2003,R3,260.912,1.072,0
math-8,MT,2003,R3,285.928,0.791,0
math-8,NC,2003,R3,281.24,0.995,0
math-8,ND,2003,R3,287.145,0.784,0
math-8,NE,2003,R3,282.194,0.922,0
math-8,NH,2003,R3,286.198,0.827,0
math-8,NJ,2003,R3,281.407,1.142,0
math-8,NM,2003,R3,263.273,0.985,0
math-8,NP,2003,R3,276.115,0.272,0
math-8,NV,2003,R3,268.043,0.819,0
math-8,NY,2003,R3,279.749,1.075,0
math-8,OH,2003,R3,281.607,1.303,0
math-8,OK,2003,R3,271.905,1.105,0
math-8,OR,2003,R3,280.892,1.293,0
math-8,PA,2003,R3,278.538,1.077,0
math-8,RI,2003,R3,271.999,0.717,0
math-8,SC,2003,R3,277.3,1.277,0
math-8,SD,2003,R3,284.882,0.77,0
math-8,TN,2003,R3,268.176,1.777,0
math-8,TX,2003,R3,277.053,1.132,0
math-8,UT,2003,R3,280.645,1.017,0
math-8,VA,2003,R3,281.677,1.287,0
math-8,VT,2003,R3,285.646,0.764,0
math-8,WA,2003,R3,281.151,0.948,0
math-8,WI,2003,R3,283.916,1.281,0
math-8,WV,2003,R3,270.77,1.178,0
math-8,WY,2003,R3,283.503,0.68,0
math-8,AK,2005,R3,278.959,0.794,0
math-8,AL,2005,R3,262.211,1.487,0
math-8,AR,2005,R3,271.636,1.182,0
math-8,AZ,2005,R3,274.305,1.073,0
math-8,CA,2005,R3,268.558,0.649,0
math-8,CO,2005,R3,280.824,1.18,0
math-8,CT,2005,R3,281.069,1.425,0
math-8,DC,2005,R3,245.216,0.857,0
math-8,DE,2005,R3,280.954,0.615,0
math-8,FL,2005,R3,274.048,1.126,0
math-8,GA,2005,R3,272.192,1.111,0
math-8,HI,2005,R3,265.629,0.66,0
math-8,IA,2005,R3,283.811,0.853,0
math-8,ID,2005,R3,280.967,0.886,0
math-8,IL,2005,R3,277.672,1.059,0
math-8,IN,2005,R3,281.715,1,0
math-8,KS,2005,R3,284.03,1.028,0
math-8,KY,2005,R3,273.983,1.221,0
math-8,LA,2005,R3,267.755,1.393,0
math-8,MA,2005,R3,291.514,0.878,0
math-8,MD,2005,R3,277.931,1.084,0
math-8,ME,2005,R3,281.059,0.841,0
math-8,MI,2005,R3,277.347,1.526,0
math-8,MN,2005,R3,290.075,1.186,0
math-8,MO,2005,R3,276.45,1.308,0
math-8,MS,2005,R3,262.456,1.184,0
math-8,MT,2005,R3,286.432,0.705,0
math-8,NC,2005,R3,281.825,0.94,0
math-8,ND,2005,R3,286.961,0.634,0
math-8,NE,2005,R3,283.963,1.03,0
math-8,NH,2005,R3,285.253,0.81,0
math-8,NJ,2005,R3,283.903,1.404,0
math-8,NM,2005,R3,263.275,0.94,0
math-8,NP,2005,R3,277.52,0.18,0
math-8,NV,2005,R3,269.906,0.788,0
math-8,NY,2005,R3,279.716,0.897,0
math-8,OH,2005,R3,283.252,1.105,0
math-8,OK,2005,R3,271.36,1.028,0
math-8,OR,2005,R3,282.237,1.043,0
math-8,PA,2005,R3,280.714,1.475,0
math-8,RI,2005,R3,272.345,0.772,0
math-8,SC,2005,R3,281.234,0.875,0
math-8,SD,2005,R3,287.304,0.612,0
math-8,TN,2005,R3,270.525,1.132,0
math-8,TX,2005,R3,281.103,0.623,0
math-8,UT,2005,R3,279.156,0.684,0
math-8,VA,2005,R3,284.372,1.132,0
math-8,VT,2005,R3,287.356,0.746,0
math-8,WA,2005,R3,285.052,1.02,0
math-8,WI,2005,R3,284.542,1.149,0
math-8,WV,2005,R3,269.099,0.956,0
math-8,WY,2005,R3,282.101,0.75,0
math-8,AK,2007,R3,282.557,1.063,0
math-8,AL,2007,R3,266,1.458,0
math-8,AR,2007,R3,273.9,1.051,0
math-8,AZ,2007,R3,275.548,1.234,0
math-8,CA,2007,R3,270.382,0.802,0
math-8,CO,2007,R3,286.193,0.947,0
math-8,CT,2007,R3,282.473,1.483,0
math-8,DC,2007,R3,248.199,0.905,0
math-8,DE,2007,R3,282.992,0.625,0
math-8,FL,2007,R3,277.383,1.279,0
math-8,GA,2007,R3,274.779,0.966,0
math-8,HI,2007,R3,268.772,0.753,0
math-8,IA,2007,R3,285.227,0.863,0
math-8,ID,2007,R3,283.508,0.864,0
math-8,IL,2007,R3,280.497,1.144,0
math-8,IN,2007,R3,285.007,1.128,0
math-8,KS,2007,R3,290.033,1.071,0
math-8,KY,2007,R3,278.705,1.094,0
math-8,LA,2007,R3,272.386,1.098,0
math-8,MA,2007,R3,297.923,1.251,0
math-8,MD,2007,R3,285.734,1.194,0
math-8,ME,2007,R3,286.472,0.768,0
math-8,MI,2007,R3,276.831,1.371,0
math-8,MN,2007,R3,291.851,1.013,0
math-8,MO,2007,R3,280.62,0.979,0
math-8,MS,2007,R3,264.891,0.806,0
math-8,MT,2007,R3,287.076,0.704,0
math-8,NC,2007,R3,283.881,1.069,0
math-8,ND,2007,R3,291.562,0.699,0
math-8,NE,2007,R3,283.651,0.958,0
math-8,NH,2007,R3,287.557,0.708,0
math-8,NJ,2007,R3,288.583,1.212,0
math-8,NM,2007,R3,267.538,0.876,0
math-8,NP,2007,R3,280.169,0.25,0
math-8,NV,2007,R3,270.804,0.843,0
math-8,NY,2007,R3,280.141,1.198,0
math-8,OH,2007,R3,284.852,1.205,0
math-8,OK,2007,R3,274.535,0.925,0
math-8,OR,2007,R3,283.826,1.134,0
math-8,PA,2007,R3,286.167,1.132,0
math-8,RI,2007,R3,275.387,0.681,0
math-8,SC,2007,R3,281.504,1.012,0
math-8,SD,2007,R3,288.464,0.844,0
math-8,TN,2007,R3,273.979,1.144,0
math-8,TX,2007,R3,285.871,0.99,0
math-8,UT,2007,R3,281.087,0.855,0
math-8,VA,2007,R3,287.626,1.098,0
math-8,VT,2007,R3,291.011,0.736,0
math-8,WA,2007,R3,284.863,0.985,0
math-8,WI,2007,R3,285.618,1.067,0
math-8,WV,2007,R3,270.084,0.983,0
math-8,WY,2007,R3,286.988,0.747,0
math-8,AK,2009,R3,283.048,1.021,0
math-8,AL,2009,R3,268.524,1.249,0
math-8,AR,2009,R3,275.999,1.139,0
math-8,AZ,2009,R3,277.332,1.441,0
math-8,CA,2009,R3,270.449,1.302,0
math-8,CO,2009,R3,287.373,1.371,0
math-8,CT,2009,R3,288.609,0.978,0
math-8,DC,2009,R3,253.595,0.861,0
math-8,DE,2009,R3,283.829,0.525,0
math-8,FL,2009,R3,279.335,1.082,0
math-8,GA,2009,R3,277.561,0.912,0
math-8,HI,2009,R3,273.759,0.653,0
math-8,IA,2009,R3,284.17,0.988,0
math-8,ID,2009,R3,287.305,0.815,0
math-8,IL,2009,R3,282.431,1.21,0
math-8,IN,2009,R3,286.81,0.905,0
math-8,KS,2009,R3,288.596,0.951,0
math-8,KY,2009,R3,279.284,1.092,0
math-8,LA,2009,R3,272.38,1.588,0
math-8,MA,2009,R3,298.854,1.337,0
math-8,MD,2009,R3,288.342,1.128,0
math-8,ME,2009,R3,286.361,0.743,0
math-8,MI,2009,R3,278.268,1.565,0
math-8,MN,2009,R3,294.443,1.027,0
math-8,MO,2009,R3,285.808,0.97,0
math-8,MS,2009,R3,265.002,1.194,0
math-8,MT,2009,R3,291.543,0.866,0
math-8,NC,2009,R3,284.333,1.285,0
math-8,ND,2009,R3,292.842,0.679,0
math-8,NE,2009,R3,284.259,1.08,0
math-8,NH,2009,R3,292.322,0.891,0
math-8,NJ,2009,R3,292.657,1.429,0
math-8,NM,2009,R3,269.704,1.081,0
math-8,NP,2009,R3,281.675,0.282,0
math-8,NV,2009,R3,274.149,0.749,0
math-8,NY,2009,R3,282.577,1.248,0
math-8,OH,2009,R3,285.583,1.001,0
math-8,OK,2009,R3,275.712,1.047,0
math-8,OR,2009,R3,285.037,1.016,0
math-8,PA,2009,R3,288.304,1.252,0
math-8,RI,2009,R3,277.924,0.772,0
math-8,SC,2009,R3,280.381,1.277,0
math-8,SD,2009,R3,290.619,0.505,0
math-8,TN,2009,R3,274.762,1.377,0
math-8,TX,2009,R3,286.685,1.261,0
math-8,UT,2009,R3,284.068,0.934,0
math-8,VA,2009,R3,286.07,1.149,0
math-8,VT,2009,R3,292.866,0.562,0
math-8,WA,2009,R3,288.722,0.985,0
math-8,WI,2009,R3,288.141,0.913,0
math-8,WV,2009,R3,270.416,1.003,0
math-8,WY,2009,R3,286.104,0.625,0
math-8,AK,1996,R3,,,320
math-8,AL,1996,R3,,,320
math-8,AR,1996,R3,,,320
math-8,AZ,1996,R3,,,320
math-8,CA,1996,R3,,,320
math-8,CO,1996,R3,,,320
math-8,CT,1996,R3,,,320
math-8,DC,1996,R3,,,320
math-8,DE,1996,R3,,,320
math-8,FL,1996,R3,,,320
math-8,GA,1996,R3,,,320
math-8,HI,1996,R3,,,320
math-8,IA,1996,R3,,,320
math-8,ID,1996,R3,,,320
math-8,IL,1996,R3,,,320
math-8,IN,1996,R3,,,320
math-8,KS,1996,R3,,,320
math-8,KY,1996,R3,,,320
math-8,LA,1996,R3,,,320
math-8,MA,1996,R3,,,320
math-8,MD,1996,R3,,,320
math-8,ME,1996,R3,,,320
math-8,MI,1996,R3,,,320
math-8,MN,1996,R3,,,320
math-8,MO,1996,R3,,,320
math-8,MS,1996,R3,,,320
math-8,MT,1996,R3,,,320
math-8,NC,1996,R3,,,320
math-8,ND,1996,R3,,,320
math-8,NE,1996,R3,,,320
math-8,NH,1996,R3,,,320
math-8,NJ,1996,R3,,,320
math-8,NM,1996,R3,,,320
math-8,NP,1996,R3,268.797,1.014,0
math-8,NV,1996,R3,,,320
math-8,NY,1996,R3,,,320
math-8,OH,1996,R3,,,320
math-8,OK,1996,R3,,,320
math-8,OR,1996,R3,,,320
math-8,PA,1996,R3,,,320
math-8,RI,1996,R3,,,320
math-8,SC,1996,R3,,,320
math-8,SD,1996,R3,,,320
math-8,TN,1996,R3,,,320
math-8,TX,1996,R3,,,320
math-8,UT,1996,R3,,,320
math-8,VA,1996,R3,,,320
math-8,VT,1996,R3,,,320
math-8,WA,1996,R3,,,320
math-8,WI,1996,R3,,,320
math-8,WV,1996,R3,,,320
math-8,WY,1996,R3,,,320
math-8,AK,2013,R3,281.56,0.934,0
math-8,AL,2013,R3,269.194,1.339,0
math-8,AR,2013,R3,277.915,1.076,0
math-8,AZ,2013,R3,279.722,1.214,0
math-8,CA,2013,R3,275.901,1.178,0
math-8,CO,2013,R3,289.682,1.225,0
math-8,CT,2013,R3,285.244,1.138,0
math-8,DC,2013,R3,265.259,0.898,0
math-8,DE,2013,R3,282.338,0.715,0
math-8,FL,2013,R3,280.856,0.812,0
math-8,GA,2013,R3,279.179,1.215,0
math-8,HI,2013,R3,281.413,0.772,0
math-8,IA,2013,R3,285.07,0.929,0
math-8,ID,2013,R3,286.414,0.724,0
math-8,IL,2013,R3,284.898,0.997,0
math-8,IN,2013,R3,287.768,1.132,0
math-8,KS,2013,R3,289.518,1.035,0
math-8,KY,2013,R3,280.645,0.915,0
math-8,LA,2013,R3,272.761,0.852,0
math-8,MA,2013,R3,300.568,0.932,0
math-8,MD,2013,R3,286.641,1.06,0
math-8,ME,2013,R3,288.731,0.726,0
math-8,MI,2013,R3,280.134,1.329,0
math-8,MN,2013,R3,294.593,1.021,0
math-8,MO,2013,R3,282.988,1.041,0
math-8,MS,2013,R3,271.161,0.938,0
math-8,MT,2013,R3,289.228,0.889,0
math-8,NC,2013,R3,285.645,1.14,0
math-8,ND,2013,R3,290.515,0.545,0
math-8,NE,2013,R3,285.061,0.911,0
math-8,NH,2013,R3,295.665,0.837,0
math-8,NJ,2013,R3,296.053,1.082,0
math-8,NM,2013,R3,272.762,0.671,0
math-8,NP,2013,R3,283.615,0.237,0
math-8,NV,2013,R3,278.287,0.724,0
math-8,NY,2013,R3,281.808,0.913,0
math-8,OH,2013,R3,289.528,1.124,0
math-8,OK,2013,R3,275.507,1.036,0
math-8,OR,2013,R3,283.525,1.073,0
math-8,PA,2013,R3,289.624,1.017,0
math-8,RI,2013,R3,284.092,0.57,0
math-8,SC,2013,R3,279.825,1.098,0
math-8,SD,2013,R3,287.27,0.713,0
math-8,TN,2013,R3,277.72,1.27,0
math-8,TX,2013,R3,288.199,1,0
math-8,UT,2013,R3,284.331,0.89,0
math-8,VA,2013,R3,288.143,1.193,0
math-8,VT,2013,R3,295.47,0.668,0
math-8,WA,2013,R3,289.957,1.015,0
math-8,WI,2013,R3,288.746,0.871,0
math-8,WV,2013,R3,274.43,0.908,0
math-8,WY,2013,R3,288.119,0.537,0
math-8,AK,2015,R3,280.493,0.962,0
math-8,AL,2015,R3,266.555,1.237,0
math-8,AR,2015,R3,275.065,1.429,0
math-8,AZ,2015,R3,282.919,1.393,0
math-8,CA,2015,R3,275.325,1.325,0
math-8,CO,2015,R3,285.539,1.471,0
math-8,CT,2015,R3,283.957,1.192,0
math-8,DC,2015,R3,263.06,0.906,0
math-8,DE,2015,R3,279.81,0.746,0
math-8,FL,2015,R3,275.324,1.361,0
math-8,GA,2015,R3,278.712,1.214,0
math-8,HI,2015,R3,279.34,0.819,0
math-8,IA,2015,R3,286.416,1.155,0
math-8,ID,2015,R3,283.742,0.888,0
math-8,IL,2015,R3,281.969,1.31,0
math-8,IN,2015,R3,287.175,1.178,0
math-8,KS,2015,R3,283.871,1.285,0
math-8,KY,2015,R3,277.947,0.923,0
math-8,LA,2015,R3,268.432,1.4,0
math-8,MA,2015,R3,296.909,1.425,0
math-8,MD,2015,R3,283.149,1.228,0
math-8,ME,2015,R3,284.875,0.692,0
math-8,MI,2015,R3,278.169,1.303,0
math-8,MN,2015,R3,294.148,1.023,0
math-8,MO,2015,R3,280.821,1.247,0
math-8,MS,2015,R3,270.58,1.135,0
math-8,MT,2015,R3,287.464,0.848,0
math-8,NC,2015,R3,281.331,1.558,0
math-8,ND,2015,R3,288.244,0.666,0
math-8,NE,2015,R3,286.499,0.792,0
math-8,NH,2015,R3,294.413,0.899,0
math-8,NJ,2015,R3,293.366,1.236,0
math-8,NM,2015,R3,270.898,1.003,0
math-8,NP,2015,R3,281.28,0.307,0
math-8,NV,2015,R3,275.172,0.733,0
math-8,NY,2015,R3,280.089,1.36,0
math-8,OH,2015,R3,285.062,1.574,0
math-8,OK,2015,R3,274.586,1.305,0
math-8,OR,2015,R3,282.815,1.202,0
math-8,PA,2015,R3,283.668,1.453,0
math-8,RI,2015,R3,281.445,0.655,0
math-8,SC,2015,R3,275.828,1.267,0
math-8,SD,2015,R3,284.641,0.92,0
math-8,TN,2015,R3,278.203,1.788,0
math-8,TX,2015,R3,283.794,1.212,0
math-8,UT,2015,R3,286.117,1.093,0
math-8,VA,2015,R3,287.709,1.245,0
math-8,VT,2015,R3,290.355,0.743,0
math-8,WA,2015,R3,286.513,1.282,0
math-8,WI,2015,R3,289.078,1.308,0
math-8,WV,2015,R3,271.451,0.851,0
math-8,WY,2015,R3,286.667,0.722,0
math-8,AK,2017,R3,277.016,0.906,0
math-8,AL,2017,R3,268.312,1.339,0
math-8,AR,2017,R3,273.76,0.982,0
math-8,AZ,2017,R3,282.248,1.105,0
math-8,CA,2017,R3,276.638,1.207,0
math-8,CO,2017,R3,286.248,1.361,0
math-8,CT,2017,R3,284.144,0.895,0
math-8,DC,2017,R3,265.78,0.936,0
math-8,DE,2017,R3,278.023,0.668,0
math-8,FL,2017,R3,279.12,1.078,0
math-8,GA,2017,R3,281.035,1.366,0
math-8,HI,2017,R3,277.337,0.757,0
math-8,IA,2017,R3,286.239,0.945,0
math-8,ID,2017,R3,284.372,1.172,0
math-8,IL,2017,R3,281.618,1.174,0
math-8,IN,2017,R3,287.706,1.283,0
math-8,KS,2017,R3,285.284,0.971,0
math-8,KY,2017,R3,277.714,0.972,0
math-8,LA,2017,R3,266.507,1.32,0
math-8,MA,2017,R3,297.042,1.108,0
math-8,MD,2017,R3,280.91,1.104,0
math-8,ME,2017,R3,284.003,0.901,0
math-8,MI,2017,R3,279.505,1.184,0
math-8,MN,2017,R3,293.962,1.509,0
math-8,MO,2017,R3,280.596,1.112,0
math-8,MS,2017,R3,270.915,0.915,0
math-8,MT,2017,R3,285.6,0.809,0
math-8,NC,2017,R3,281.926,1.221,0
math-8,ND,2017,R3,288.172,0.772,0
math-8,NE,2017,R3,288.406,1.003,0
math-8,NH,2017,R3,293.291,0.813,0
math-8,NJ,2017,R3,291.699,0.958,0
math-8,NM,2017,R3,269.374,0.989,0
math-8,NP,2017,R3,281.958,0.27,0
math-8,NV,2017,R3,275.365,0.726,0
math-8,NY,2017,R3,281.688,1.183,0
math-8,OH,2017,R3,287.714,1.968,0
math-8,OK,2017,R3,274.689,1.09,0
math-8,OR,2017,R3,282.173,1.187,0
math-8,PA,2017,R3,286.394,1.224,0
math-8,RI,2017,R3,277.18,0.843,0
math-8,SC,2017,R3,274.674,0.951,0
math-8,SD,2017,R3,286.376,0.732,0
math-8,TN,2017,R3,278.778,1.172,0
math-8,TX,2017,R3,282.321,1.361,0
math-8,UT,2017,R3,286.817,0.926,0
math-8,VA,2017,R3,290.081,1.527,0
math-8,VT,2017,R3,287.623,0.728,0
math-8,WA,2017,R3,289.131,1.416,0
math-8,WI,2017,R3,288.143,1.005,0
math-8,WV,2017,R3,273.416,0.884,0
math-8,WY,2017,R3,288.762,0.659,0
math-8,AK,2011,R3,283.273,0.791,0
math-8,AL,2011,R3,269.097,1.4,0
math-8,AR,2011,R3,279.088,0.98,0
math-8,AZ,2011,R3,279.034,1.218,0
math-8,CA,2011,R3,272.77,1.201,0
math-8,CO,2011,R3,291.743,1.1,0
math-8,CT,2011,R3,287,1.087,0
math-8,DC,2011,R3,260.467,0.684,0
math-8,DE,2011,R3,282.77,0.669,0
math-8,FL,2011,R3,277.837,0.843,0
math-8,GA,2011,R3,278.484,1.026,0
math-8,HI,2011,R3,277.836,0.702,0
math-8,IA,2011,R3,284.921,0.873,0
math-8,ID,2011,R3,286.675,0.777,0
math-8,IL,2011,R3,283.228,1.062,0
math-8,IN,2011,R3,285.003,0.991,0
math-8,KS,2011,R3,289.619,0.884,0
math-8,KY,2011,R3,281.609,0.892,0
math-8,LA,2011,R3,272.843,1.155,0
math-8,MA,2011,R3,298.512,0.811,0
math-8,MD,2011,R3,287.998,1.232,0
math-8,ME,2011,R3,288.732,0.77,0
math-8,MI,2011,R3,280.177,1.422,0
math-8,MN,2011,R3,294.946,0.978,0
math-8,MO,2011,R3,281.948,1.136,0
math-8,MS,2011,R3,269.236,1.396,0
math-8,MT,2011,R3,292.908,0.644,0
math-8,NC,2011,R3,286.267,1.012,0
math-8,ND,2011,R3,291.998,0.58,0
math-8,NE,2011,R3,283.197,0.788,0
math-8,NH,2011,R3,292.109,0.67,0
math-8,NJ,2011,R3,294.139,1.161,0
math-8,NM,2011,R3,274.455,0.832,0
math-8,NP,2011,R3,282.727,0.196,0
math-8,NV,2011,R3,278.113,0.848,0
math-8,NY,2011,R3,280.453,0.923,0
math-8,OH,2011,R3,288.603,1.039,0
math-8,OK,2011,R3,279.18,1.026,0
math-8,OR,2011,R3,282.518,1.033,0
math-8,PA,2011,R3,286.103,1.151,0
math-8,RI,2011,R3,282.876,0.512,0
math-8,SC,2011,R3,281,1.077,0
math-8,SD,2011,R3,290.615,0.518,0
math-8,TN,2011,R3,274.039,1.167,0
math-8,TX,2011,R3,290.347,0.949,0
math-8,UT,2011,R3,283.308,0.782,0
math-8,VA,2011,R3,289.255,1.132,0
math-8,VT,2011,R3,293.883,0.716,0
math-8,WA,2011,R3,288.108,1.014,0
math-8,WI,2011,R3,288.666,0.971,0
math-8,WV,2011,R3,273.263,0.72,0
math-8,WY,2011,R3,287.768,0.603,0
math-8,AK,2000,R3,,,320
math-8,AL,2000,R3,263.617,1.827,0
math-8,AR,2000,R3,257.415,1.47,0
math-8,AZ,2000,R3,268.576,1.756,0
math-8,CA,2000,R3,259.787,2.119,0
math-8,CO,2000,R3,,,320
math-8,CT,2000,R3,280.785,1.255,0
math-8,DC,2000,R3,234.619,1.052,0
math-8,DE,2000,R3,,,320
math-8,FL,2000,R3,,,320
math-8,GA,2000,R3,265.359,1.226,0
math-8,HI,2000,R3,262.184,1.415,0
math-8,IA,2000,R3,,,320
math-8,ID,2000,R3,277.225,1.016,0
math-8,IL,2000,R3,274.549,1.669,0
math-8,IN,2000,R3,281.32,1.362,0
math-8,KS,2000,R3,283.009,1.688,0
math-8,KY,2000,R3,269.885,1.292,0
math-8,LA,2000,R3,258.56,1.46,0
math-8,MA,2000,R3,278.949,1.451,0
math-8,MD,2000,R3,271.932,1.736,0
math-8,ME,2000,R3,281.354,1.099,0
math-8,MI,2000,R3,277.271,1.9,0
math-8,MN,2000,R3,286.98,1.391,0
math-8,MO,2000,R3,270.928,1.456,0
math-8,MS,2000,R3,254.136,1.083,0
math-8,MT,2000,R3,285.234,1.373,0
math-8,NC,2000,R3,276.241,1.282,0
math-8,ND,2000,R3,281.893,1.118,0
math-8,NE,2000,R3,280.016,1.207,0
math-8,NH,2000,R3,,,320
math-8,NJ,2000,R3,,,320
math-8,NM,2000,R3,259.334,1.334,0
math-8,NP,2000,R3,271.829,0.933,0
math-8,NV,2000,R3,264.945,0.843,0
math-8,NY,2000,R3,271.463,2.192,0
math-8,OH,2000,R3,280.585,1.569,0
math-8,OK,2000,R3,269.734,1.287,0
math-8,OR,2000,R3,280.062,1.524,0
math-8,PA,2000,R3,,,320
math-8,RI,2000,R3,268.944,1.26,0
math-8,SC,2000,R3,264.585,1.499,0
math-8,SD,2000,R3,,,320
math-8,TN,2000,R3,261.617,1.494,0
math-8,TX,2000,R3,273.444,1.646,0
math-8,UT,2000,R3,273.526,1.151,0
math-8,VA,2000,R3,274.766,1.304,0
math-8,VT,2000,R3,280.5,1.519,0
math-8,WA,2000,R3,,,320
math-8,WI,2000,R3,,,288
math-8,WV,2000,R3,266.472,1.245,0
math-8,WY,2000,R3,275.572,0.978,0
math-8,AK,2024,R3,263.963,1.271,0
math-8,AL,2024,R3,261.77,1.572,0
math-8,AR,2024,R3,266.195,1.287,0
math-8,AZ,2024,R3,269.656,1.834,0
math-8,CA,2024,R3,268.78,1.566,0
math-8,CO,2024,R3,278.108,1.662,0
math-8,CT,2024,R3,276.674,1.619,0
math-8,DC,2024,R3,261.539,0.83,0
math-8,DE,2024,R3,263.057,1.163,0
math-8,FL,2024,R3,267.243,1.346,0
math-8,GA,2024,R3,268.656,1.321,0
math-8,HI,2024,R3,270.041,0.963,0
math-8,IA,2024,R3,274.824,1.114,0
math-8,ID,2024,R3,278.104,1.353,0
math-8,IL,2024,R3,277.416,1.374,0
math-8,IN,2024,R3,278.185,1.341,0
math-8,KS,2024,R3,274.137,1.403,0
math-8,KY,2024,R3,270.813,1.141,0
math-8,LA,2024,R3,266.783,1.585,0
math-8,MA,2024,R3,283.466,1.48,0
math-8,MD,2024,R3,268.214,1.505,0
math-8,ME,2024,R3,272.622,1.326,0
math-8,MI,2024,R3,269.979,1.257,0
math-8,MN,2024,R3,282.087,1.588,0
math-8,MO,2024,R3,270.363,1.243,0
math-8,MS,2024,R3,269.06,0.994,0
math-8,MT,2024,R3,279.082,1.285,0
math-8,NC,2024,R3,275.822,1.451,0
math-8,ND,2024,R3,279.765,1.086,0
math-8,NE,2024,R3,279.883,1.125,0
math-8,NH,2024,R3,279.745,1.09,0
math-8,NJ,2024,R3,281.685,1.562,0
math-8,NM,2024,R3,256.211,1.202,0
math-8,NP,2024,R3,272.233,0.379,0
math-8,NV,2024,R3,265.177,1.1,0
math-8,NY,2024,R3,270.852,1.912,0
math-8,OH,2024,R3,278.813,1.585,0
math-8,OK,2024,R3,264.454,1.262,0
math-8,OR,2024,R3,267.94,1.496,0
math-8,PA,2024,R3,276.246,1.496,0
math-8,RI,2024,R3,269.827,0.809,0
math-8,SC,2024,R3,268.006,1.366,0
math-8,SD,2024,R3,281.101,1.212,0
math-8,TN,2024,R3,275.983,2.127,0
math-8,TX,2024,R3,269.393,1.514,0
math-8,UT,2024,R3,281.79,1.153,0
math-8,VA,2024,R3,274.989,1.555,0
math-8,VT,2024,R3,275.618,0.995,0
math-8,WA,2024,R3,273.665,1.492,0
math-8,WI,2024,R3,282.65,1.331,0
math-8,WV,2024,R3,260.769,1.182,0
math-8,WY,2024,R3,278.315,0.909,0
math-8,AK,2019,R3,274.338,1.079,0
math-8,AL,2019,R3,268.704,1.391,0
math-8,AR,2019,R3,274.363,1.238,0
math-8,AZ,2019,R3,279.932,1.126,0
math-8,CA,2019,R3,275.609,1.336,0
math-8,CO,2019,R3,284.666,1.222,0
math-8,CT,2019,R3,286.159,1.292,0
math-8,DC,2019,R3,269.177,0.804,0
math-8,DE,2019,R3,276.703,0.93,0
math-8,FL,2019,R3,278.523,1.277,0
math-8,GA,2019,R3,279.495,0.973,0
math-8,HI,2019,R3,275.333,1.101,0
math-8,IA,2019,R3,281.67,1,0
math-8,ID,2019,R3,285.942,0.995,0
math-8,IL,2019,R3,282.564,1.239,0
math-8,IN,2019,R3,285.649,1.255,0
math-8,KS,2019,R3,282.212,0.899,0
math-8,KY,2019,R3,278.1,1.107,0
math-8,LA,2019,R3,271.645,1.398,0
math-8,MA,2019,R3,294.475,1.184,0
math-8,MD,2019,R3,280.146,1.121,0
math-8,ME,2019,R3,282.369,0.931,0
math-8,MI,2019,R3,280.282,1.344,0
math-8,MN,2019,R3,290.785,1.235,0
math-8,MO,2019,R3,280.764,1.023,0
math-8,MS,2019,R3,273.729,0.873,0
math-8,MT,2019,R3,283.959,0.796,0
math-8,NC,2019,R3,283.659,1.118,0
math-8,ND,2019,R3,285.564,0.84,0
math-8,NE,2019,R3,285.013,0.92,0
math-8,NH,2019,R3,287.223,0.87,0
math-8,NJ,2019,R3,291.823,1.531,0
math-8,NM,2019,R3,268.766,0.92,0
math-8,NP,2019,R3,280.987,0.257,0
math-8,NV,2019,R3,273.785,0.804,0
math-8,NY,2019,R3,280.409,1.256,0
math-8,OH,2019,R3,285.713,1.138,0
math-8,OK,2019,R3,276.466,1.02,0
math-8,OR,2019,R3,279.5,1.205,0
math-8,PA,2019,R3,285.024,1.21,0
math-8,RI,2019,R3,275.672,0.72,0
math-8,SC,2019,R3,276.35,1.03,0
math-8,SD,2019,R3,287.088,1.189,0
math-8,TN,2019,R3,280.079,1.251,0
math-8,TX,2019,R3,279.651,1.007,0
math-8,UT,2019,R3,284.93,0.978,0
math-8,VA,2019,R3,287.06,1.296,0
math-8,VT,2019,R3,286.603,0.725,0
math-8,WA,2019,R3,285.807,1.41,0
math-8,WI,2019,R3,288.66,1.106,0
math-8,WV,2019,R3,272.349,0.918,0
math-8,WY,2019,R3,286.314,0.895,0
math-8,AK,1996,R2,277.643,1.773,8
math-8,AL,1996,R2,256.595,2.149,8
math-8,AR,1996,R2,261.653,1.522,8
math-8,AZ,1996,R2,267.875,1.56,8
math-8,CA,1996,R2,262.772,1.851,8
math-8,CO,1996,R2,275.608,1.087,8
math-8,CT,1996,R2,279.591,1.121,8
math-8,DC,1996,R2,232.832,1.346,8
math-8,DE,1996,R2,266.734,0.948,8
math-8,FL,1996,R2,263.639,1.836,8
math-8,GA,1996,R2,262.466,1.646,8
math-8,HI,1996,R2,262.13,0.97,8
math-8,IA,1996,R2,283.986,1.311,8
math-8,ID,1996,R2,,,328
math-8,IL,1996,R2,,,328
math-8,IN,1996,R2,275.529,1.442,8
math-8,KS,1996,R2,,,328
math-8,KY,1996,R2,266.592,1.069,8
math-8,LA,1996,R2,252.38,1.574,8
math-8,MA,1996,R2,277.566,1.741,8
math-8,MD,1996,R2,269.681,2.133,8
math-8,ME,1996,R2,284.06,1.289,8
math-8,MI,1996,R2,276.866,1.785,8
math-8,MN,1996,R2,284.049,1.344,8
math-8,MO,1996,R2,273.285,1.385,8
math-8,MS,1996,R2,250.215,1.191,8
math-8,MT,1996,R2,283.004,1.302,8
math-8,NC,1996,R2,267.835,1.424,8
math-8,ND,1996,R2,284.222,0.908,8
math-8,NE,1996,R2,282.77,1.024,8
math-8,NH,1996,R2,,,296
math-8,NJ,1996,R2,,,296
math-8,NM,1996,R2,261.97,1.218,8
math-8,NP,1996,R2,270.513,1.21,8
math-8,NV,1996,R2,,,296
math-8,NY,1996,R2,270.231,1.665,8
math-8,OH,1996,R2,,,328
math-8,OK,1996,R2,,,328
math-8,OR,1996,R2,276.342,1.468,8
math-8,PA,1996,R2,,,328
math-8,RI,1996,R2,268.877,0.923,8
math-8,SC,1996,R2,260.775,1.542,8
math-8,SD,1996,R2,,,328
math-8,TN,1996,R2,263.119,1.395,8
math-8,TX,1996,R2,270.2,1.429,8
math-8,UT,1996,R2,276.773,1.027,8
math-8,VA,1996,R2,269.754,1.56,8
math-8,VT,1996,R2,279.253,0.951,8
math-8,WA,1996,R2,276.117,1.275,8
math-8,WI,1996,R2,282.849,1.53,8
math-8,WV,1996,R2,264.865,1.024,8
math-8,WY,1996,R2,274.779,0.91,8
math-8,AK,2000,R2,,,328
math-8,AL,2000,R2,262.158,1.775,8
math-8,AR,2000,R2,261.364,1.368,8
math-8,AZ,2000,R2,270.715,1.528,8
math-8,CA,2000,R2,262.171,2.039,8
math-8,CO,2000,R2,,,328
math-8,CT,2000,R2,281.902,1.373,8
math-8,DC,2000,R2,234.429,2.19,8
math-8,DE,2000,R2,,,328
math-8,FL,2000,R2,,,328
math-8,GA,2000,R2,266.332,1.252,8
math-8,HI,2000,R2,262.773,1.344,8
math-8,IA,2000,R2,,,328
math-8,ID,2000,R2,277.918,1.308,8
math-8,IL,2000,R2,276.909,1.609,8
math-8,IN,2000,R2,283.051,1.45,8
math-8,KS,2000,R2,283.68,1.437,8
math-8,KY,2000,R2,271.562,1.401,8
math-8,LA,2000,R2,258.982,1.5,8
math-8,MA,2000,R2,283.123,1.25,8
math-8,MD,2000,R2,276.014,1.428,8
math-8,ME,2000,R2,283.642,1.192,8
math-8,MI,2000,R2,278.453,1.597,8
math-8,MN,2000,R2,287.652,1.443,8
math-8,MO,2000,R2,273.576,1.46,8
math-8,MS,2000,R2,254.034,1.301,8
math-8,MT,2000,R2,286.585,1.225,8
math-8,NC,2000,R2,280.128,1.129,8
math-8,ND,2000,R2,283.074,1.069,8
math-8,NE,2000,R2,280.618,1.119,8
math-8,NH,2000,R2,,,328
math-8,NJ,2000,R2,,,328
math-8,NM,2000,R2,259.845,1.736,8
math-8,NP,2000,R2,274.416,0.838,8
math-8,NV,2000,R2,268.182,0.94,8
math-8,NY,2000,R2,276.263,2.09,8
math-8,OH,2000,R2,282.673,1.477,8
math-8,OK,2000,R2,271.646,1.481,8
math-8,OR,2000,R2,280.64,1.65,8
math-8,PA,2000,R2,,,328
math-8,RI,2000,R2,273.426,1.112,8
math-8,SC,2000,R2,266.354,1.388,8
math-8,SD,2000,R2,,,328
math-8,TN,2000,R2,263.437,1.718,8
math-8,TX,2000,R2,274.846,1.475,8
math-8,UT,2000,R2,275.437,1.156,8
math-8,VA,2000,R2,276.675,1.504,8
math-8,VT,2000,R2,283.408,1.095,8
math-8,WA,2000,R2,,,328
math-8,WI,2000,R2,,,296
math-8,WV,2000,R2,270.78,1.002,8
math-8,WY,2000,R2,276.69,1.176,8
math-8,AK,2022,R3,269.921,1.249,0
math-8,AL,2022,R3,264.357,1.34,0
math-8,AR,2022,R3,266.883,1.162,0
math-8,AZ,2022,R3,270.704,1.499,0
math-8,CA,2022,R3,269.808,1.508,0
math-8,CO,2022,R3,275.111,1.654,0
math-8,CT,2022,R3,276.488,1.486,0
math-8,DC,2022,R3,259.526,0.928,0
math-8,DE,2022,R3,264.247,1.108,0
math-8,FL,2022,R3,271.204,1.247,0
math-8,GA,2022,R3,271.285,1.115,0
math-8,HI,2022,R3,270.104,1.029,0
math-8,IA,2022,R3,277.131,1.311,0
math-8,ID,2022,R3,281.773,1.078,0
math-8,IL,2022,R3,275.195,1.247,0
math-8,IN,2022,R3,278.646,1.543,0
math-8,KS,2022,R3,271.962,1.259,0
math-8,KY,2022,R3,269.413,1.204,0
math-8,LA,2022,R3,265.597,1.633,0
math-8,MA,2022,R3,283.588,1.472,0
math-8,MD,2022,R3,268.704,1.379,0
math-8,ME,2022,R3,272.539,1.146,0
math-8,MI,2022,R3,272.551,1.254,0
math-8,MN,2022,R3,280.066,1.466,0
math-8,MO,2022,R3,272.153,1.244,0
math-8,MS,2022,R3,265.567,1.508,0
math-8,MT,2022,R3,277.428,1.185,0
math-8,NC,2022,R3,273.701,1.206,0
math-8,ND,2022,R3,278.398,0.843,0
math-8,NE,2022,R3,279.384,0.982,0
math-8,NH,2022,R3,278.582,1.075,0
math-8,NJ,2022,R3,280.886,1.36,0
math-8,NM,2022,R3,258.983,0.926,0
math-8,NP,2022,R3,273.132,0.31,0
math-8,NV,2022,R3,269.218,1.051,0
math-8,NY,2022,R3,274.272,1.625,0
math-8,OH,2022,R3,276.057,1.437,0
math-8,OK,2022,R3,263.9,1.078,0
math-8,OR,2022,R3,270.278,1.322,0
math-8,PA,2022,R3,274.274,1.495,0
math-8,RI,2022,R3,270.299,0.841,0
math-8,SC,2022,R3,269.021,1.246,0
math-8,SD,2022,R3,281.437,0.785,0
math-8,TN,2022,R3,271.976,1.328,0
math-8,TX,2022,R3,272.669,1.277,0
math-8,UT,2022,R3,282.211,1.078,0
math-8,VA,2022,R3,279.172,1.65,0
math-8,VT,2022,R3,276.464,0.957,0
math-8,WA,2022,R3,276.08,1.214,0
math-8,WI,2022,R3,281.14,1.183,0
math-8,WV,2022,R3,260.387,1.038,0
math-8,WY,2022,R3,280.926,0.959,0
math-8,AK,1990,R2,,,328
math-8,AL,1990,R2,252.864,1.123,8
math-8,AR,1990,R2,256.214,0.878,8
math-8,AZ,1990,R2,259.59,1.342,8
math-8,CA,1990,R2,256.325,1.292,8
math-8,CO,1990,R2,267.366,0.903,8
math-8,CT,1990,R2,269.866,1.017,8
math-8,DC,1990,R2,231.366,0.864,8
math-8,DE,1990,R2,260.697,0.917,8
math-8,FL,1990,R2,255.318,1.25,8
math-8,GA,1990,R2,258.85,1.334,8
math-8,HI,1990,R2,251.021,0.792,8
math-8,IA,1990,R2,277.969,1.073,8
math-8,ID,1990,R2,271.45,0.759,8
math-8,IL,1990,R2,260.551,1.723,8
math-8,IN,1990,R2,267.266,1.15,8
math-8,KS,1990,R2,,,328
math-8,KY,1990,R2,257.097,1.161,8
math-8,LA,1990,R2,246.443,1.239,8
math-8,MA,1990,R2,,,328
math-8,MD,1990,R2,260.766,1.43,8
math-8,ME,1990,R2,,,328
math-8,MI,1990,R2,264.398,1.204,8
math-8,MN,1990,R2,275.391,0.937,8
math-8,MO,1990,R2,,,328
math-8,MS,1990,R2,,,328
math-8,MT,1990,R2,280.497,0.926,8
math-8,NC,1990,R2,250.348,1.059,8
math-8,ND,1990,R2,281.1,1.22,8
math-8,NE,1990,R2,275.674,1.039,8
math-8,NH,1990,R2,273.147,0.904,8
math-8,NJ,1990,R2,269.664,1.115,8
math-8,NM,1990,R2,256.423,0.704,8
math-8,NP,1990,R2,261.744,1.351,8
math-8,NV,1990,R2,,,328
math-8,NY,1990,R2,260.796,1.413,8
math-8,OH,1990,R2,263.974,1.033,8
math-8,OK,1990,R2,263.178,1.313,8
math-8,OR,1990,R2,271.362,0.965,8
math-8,PA,1990,R2,266.364,1.614,8
math-8,RI,1990,R2,260.041,0.592,8
math-8,SC,1990,R2,,,328
math-8,SD,1990,R2,,,328
math-8,TN,1990,R2,,,328
math-8,TX,1990,R2,258.19,1.363,8
math-8,UT,1990,R2,,,328
math-8,VA,1990,R2,264.273,1.531,8
math-8,VT,1990,R2,,,328
math-8,WA,1990,R2,,,328
math-8,WI,1990,R2,274.487,1.261,8
math-8,WV,1990,R2,255.899,0.959,8
math-8,WY,1990,R2,272.148,0.675,8
reading-4,AK,1992,R2,,,328
reading-4,AL,1992,R2,207.358,1.683,8
reading-4,AR,1992,R2,210.9,1.204,8
reading-4,AZ,1992,R2,209.402,1.244,8
reading-4,CA,1992,R2,202.248,2.019,8
reading-4,CO,1992,R2,216.525,1.127,8
reading-4,CT,1992,R2,221.613,1.288,8
reading-4,DC,1992,R2,188.14,0.767,8
reading-4,DE,1992,R2,212.923,0.636,8
reading-4,FL,1992,R2,208.308,1.243,8
reading-4,GA,1992,R2,212.341,1.469,8
reading-4,HI,1992,R2,203.427,1.694,8
reading-4,IA,1992,R2,225.49,1.051,8
reading-4,ID,1992,R2,219.317,0.93,8
reading-4,IL,1992,R2,,,328
reading-4,IN,1992,R2,221.146,1.265,8
reading-4,KS,1992,R2,,,328
reading-4,KY,1992,R2,212.512,1.276,8
reading-4,LA,1992,R2,203.689,1.156,8
reading-4,MA,1992,R2,226.001,0.946,8
reading-4,MD,1992,R2,211.042,1.587,8
reading-4,ME,1992,R2,226.81,1.057,8
reading-4,MI,1992,R2,216.034,1.517,8
reading-4,MN,1992,R2,220.901,1.213,8
reading-4,MO,1992,R2,220.049,1.228,8
reading-4,MS,1992,R2,199.109,1.309,8
reading-4,MT,1992,R2,,,328
reading-4,NC,1992,R2,211.546,1.131,8
reading-4,ND,1992,R2,225.516,1.133,8
reading-4,NE,1992,R2,221.177,1.097,8
reading-4,NH,1992,R2,227.715,1.2,8
reading-4,NJ,1992,R2,222.964,1.429,8
reading-4,NM,1992,R2,210.738,1.473,8
reading-4,NP,1992,R2,214.83,1.03,8
reading-4,NV,1992,R2,,,328
reading-4,NY,1992,R2,214.625,1.399,8
reading-4,OH,1992,R2,217.37,1.34,8
reading-4,OK,1992,R2,220.277,0.942,8
reading-4,OR,1992,R2,,,328
reading-4,PA,1992,R2,220.693,1.29,8
reading-4,RI,1992,R2,216.615,1.781,8
reading-4,SC,1992,R2,209.716,1.314,8
reading-4,SD,1992,R2,,,328
reading-4,TN,1992,R2,212.137,1.442,8
reading-4,TX,1992,R2,212.505,1.554,8
reading-4,UT,1992,R2,220.39,1.126,8
reading-4,VA,1992,R2,220.753,1.374,8
reading-4,VT,1992,R2,,,328
reading-4,WA,1992,R2,,,328
reading-4,WI,1992,R2,223.608,0.973,8
reading-4,WV,1992,R2,215.536,1.293,8
reading-4,WY,1992,R2,222.983,1.146,8
reading-4,AK,2005,R3,211.061,1.354,0
reading-4,AL,2005,R3,207.752,1.198,0
reading-4,AR,2005,R3,217.072,1.054,0
reading-4,AZ,2005,R3,207.143,1.573,0
reading-4,CA,2005,R3,206.512,0.704,0
reading-4,CO,2005,R3,223.656,1.136,0
reading-4,CT,2005,R3,225.753,1.024,0
reading-4,DC,2005,R3,190.787,0.976,0
reading-4,DE,2005,R3,225.838,0.78,0
reading-4,FL,2005,R3,219.465,0.931,0
reading-4,GA,2005,R3,214.431,1.215,0
reading-4,HI,2005,R3,209.579,1.01,0
reading-4,IA,2005,R3,220.809,0.909,0
reading-4,ID,2005,R3,221.86,0.867,0
reading-4,IL,2005,R3,216.49,1.174,0
reading-4,IN,2005,R3,218.073,1.072,0
reading-4,KS,2005,R3,220.469,1.267,0
reading-4,KY,2005,R3,219.927,1.074,0
reading-4,LA,2005,R3,209.166,1.308,0
reading-4,MA,2005,R3,231.279,0.875,0
reading-4,MD,2005,R3,220.03,1.265,0
reading-4,ME,2005,R3,224.578,0.944,0
reading-4,MI,2005,R3,218.261,1.488,0
reading-4,MN,2005,R3,225.227,1.284,0
reading-4,MO,2005,R3,221.169,0.935,0
reading-4,MS,2005,R3,204.394,1.35,0
reading-4,MT,2005,R3,224.552,1.133,0
reading-4,NC,2005,R3,217.134,1.038,0
reading-4,ND,2005,R3,224.811,0.661,0
reading-4,NE,2005,R3,221.377,1.164,0
reading-4,NH,2005,R3,227.438,0.917,0
reading-4,NJ,2005,R3,223.298,1.283,0
reading-4,NM,2005,R3,206.792,1.272,0
reading-4,NP,2005,R3,217.302,0.223,0
reading-4,NV,2005,R3,207.187,1.219,0
reading-4,NY,2005,R3,222.695,1.046,0
reading-4,OH,2005,R3,222.533,1.355,0
reading-4,OK,2005,R3,213.861,1.087,0
reading-4,OR,2005,R3,216.9,1.383,0
reading-4,PA,2005,R3,222.772,1.31,0
reading-4,RI,2005,R3,216.44,1.195,0
reading-4,SC,2005,R3,213.204,1.33,0
reading-4,SD,2005,R3,222.399,0.544,0
reading-4,TN,2005,R3,214.221,1.435,0
reading-4,TX,2005,R3,218.734,0.797,0
reading-4,UT,2005,R3,221.311,1.049,0
reading-4,VA,2005,R3,225.814,0.812,0
reading-4,VT,2005,R3,226.886,0.878,0
reading-4,WA,2005,R3,223.486,1.131,0
reading-4,WI,2005,R3,221.164,0.988,0
reading-4,WV,2005,R3,214.767,0.827,0
reading-4,WY,2005,R3,223.262,0.739,0
reading-4,AK,2007,R3,214.477,1.031,0
reading-4,AL,2007,R3,216.389,1.256,0
reading-4,AR,2007,R3,217.028,1.151,0
reading-4,AZ,2007,R3,209.521,1.554,0
reading-4,CA,2007,R3,208.522,0.955,0
reading-4,CO,2007,R3,223.733,1.082,0
reading-4,CT,2007,R3,227.204,1.341,0
reading-4,DC,2007,R3,197.086,0.852,0
reading-4,DE,2007,R3,225.071,0.702,0
reading-4,FL,2007,R3,223.535,0.824,0
reading-4,GA,2007,R3,218.888,0.93,0
reading-4,HI,2007,R3,213.497,1.052,0
reading-4,IA,2007,R3,224.895,1.1,0
reading-4,ID,2007,R3,223.404,0.819,0
reading-4,IL,2007,R3,219.387,1.198,0
reading-4,IN,2007,R3,221.673,0.909,0
reading-4,KS,2007,R3,224.658,1.073,0
reading-4,KY,2007,R3,222.432,1.115,0
reading-4,LA,2007,R3,207.407,1.575,0
reading-4,MA,2007,R3,235.753,1.075,0
reading-4,MD,2007,R3,224.781,1.1,0
reading-4,ME,2007,R3,225.544,0.851,0
reading-4,MI,2007,R3,220.118,1.367,0
reading-4,MN,2007,R3,224.917,1.145,0
reading-4,MO,2007,R3,220.777,1.081,0
reading-4,MS,2007,R3,207.81,1.037,0
reading-4,MT,2007,R3,226.667,0.956,0
reading-4,NC,2007,R3,217.934,0.939,0
reading-4,ND,2007,R3,226.325,0.895,0
reading-4,NE,2007,R3,222.903,1.282,0
reading-4,NH,2007,R3,229.017,0.916,0
reading-4,NJ,2007,R3,230.647,1.202,0
reading-4,NM,2007,R3,211.632,1.284,0
reading-4,NP,2007,R3,219.657,0.262,0
reading-4,NV,2007,R3,210.819,1.18,0
reading-4,NY,2007,R3,223.752,1.016,0
reading-4,OH,2007,R3,225.667,1.125,0
reading-4,OK,2007,R3,216.956,1.129,0
reading-4,OR,2007,R3,215.017,1.404,0
reading-4,PA,2007,R3,226.354,1.016,0
reading-4,RI,2007,R3,218.761,0.974,0
reading-4,SC,2007,R3,213.837,1.171,0
reading-4,SD,2007,R3,223.399,1.046,0
reading-4,TN,2007,R3,215.749,1.226,0
reading-4,TX,2007,R3,219.604,0.86,0
reading-4,UT,2007,R3,221.261,1.207,0
reading-4,VA,2007,R3,227.137,1.12,0
reading-4,VT,2007,R3,228.249,0.841,0
reading-4,WA,2007,R3,223.999,1.375,0
reading-4,WI,2007,R3,223.318,1.17,0
reading-4,WV,2007,R3,215.131,1.086,0
reading-4,WY,2007,R3,225.289,0.518,0
reading-4,AK,2009,R3,211.127,1.249,0
reading-4,AL,2009,R3,216.273,1.238,0
reading-4,AR,2009,R3,216.152,1.092,0
reading-4,AZ,2009,R3,209.989,1.231,0
reading-4,CA,2009,R3,209.762,1.49,0
reading-4,CO,2009,R3,225.697,1.176,0
reading-4,CT,2009,R3,228.972,1.102,0
reading-4,DC,2009,R3,201.985,0.997,0
reading-4,DE,2009,R3,225.513,0.523,0
reading-4,FL,2009,R3,225.673,0.956,0
reading-4,GA,2009,R3,217.848,1.135,0
reading-4,HI,2009,R3,210.616,1.035,0
reading-4,IA,2009,R3,221.422,1.165,0
reading-4,ID,2009,R3,221.023,0.902,0
reading-4,IL,2009,R3,219.166,1.421,0
reading-4,IN,2009,R3,222.659,1.095,0
reading-4,KS,2009,R3,223.924,1.346,0
reading-4,KY,2009,R3,225.606,1.069,0
reading-4,LA,2009,R3,207.486,1.122,0
reading-4,MA,2009,R3,233.749,1.108,0
reading-4,MD,2009,R3,226.048,1.411,0
reading-4,ME,2009,R3,223.79,0.943,0
reading-4,MI,2009,R3,218.236,1.047,0
reading-4,MN,2009,R3,223.337,1.333,0
reading-4,MO,2009,R3,223.842,1.149,0
reading-4,MS,2009,R3,210.507,1.103,0
reading-4,MT,2009,R3,224.652,0.838,0
reading-4,NC,2009,R3,219.296,1.088,0
reading-4,ND,2009,R3,225.967,0.799,0
reading-4,NE,2009,R3,222.523,1.042,0
reading-4,NH,2009,R3,229.145,1.002,0
reading-4,NJ,2009,R3,229.394,0.945,0
reading-4,NM,2009,R3,207.646,1.367,0
reading-4,NP,2009,R3,219.599,0.294,0
reading-4,NV,2009,R3,211.141,1.09,0
reading-4,NY,2009,R3,224.369,0.971,0
reading-4,OH,2009,R3,224.532,1.147,0
reading-4,OK,2009,R3,217.191,1.084,0
reading-4,OR,2009,R3,218.142,1.196,0
reading-4,PA,2009,R3,223.679,1.418,0
reading-4,RI,2009,R3,222.705,1.092,0
reading-4,SC,2009,R3,215.942,1.086,0
reading-4,SD,2009,R3,222.167,0.649,0
reading-4,TN,2009,R3,216.738,1.166,0
reading-4,TX,2009,R3,218.858,1.216,0
reading-4,UT,2009,R3,219.204,1.017,0
reading-4,VA,2009,R3,226.528,1.229,0
reading-4,VT,2009,R3,228.736,0.791,0
reading-4,WA,2009,R3,221.33,1.189,0
reading-4,WI,2009,R3,220.136,1.127,0
reading-4,WV,2009,R3,214.52,1.034,0
reading-4,WY,2009,R3,222.652,0.666,0
reading-4,AK,2011,R3,207.924,1.112,0
reading-4,AL,2011,R3,220.273,1.343,0
reading-4,AR,2011,R3,216.515,1.015,0
reading-4,AZ,2011,R3,212.395,1.214,0
reading-4,CA,2011,R3,211.359,1.847,0
reading-4,CO,2011,R3,223.434,1.25,0
reading-4,CT,2011,R3,227.427,1.293,0
reading-4,DC,2011,R3,200.628,0.799,0
reading-4,DE,2011,R3,225.131,0.728,0
reading-4,FL,2011,R3,224.529,1.116,0
reading-4,GA,2011,R3,220.811,1.065,0
reading-4,HI,2011,R3,213.615,0.982,0
reading-4,IA,2011,R3,220.707,0.793,0
reading-4,ID,2011,R3,220.83,0.768,0
reading-4,IL,2011,R3,219.357,1.08,0
reading-4,IN,2011,R3,220.731,0.876,0
reading-4,KS,2011,R3,223.565,1.045,0
reading-4,KY,2011,R3,225.135,1.036,0
reading-4,LA,2011,R3,210.411,1.394,0
reading-4,MA,2011,R3,236.774,0.983,0
reading-4,MD,2011,R3,230.783,0.881,0
reading-4,ME,2011,R3,222.037,0.72,0
reading-4,MI,2011,R3,218.861,1.164,0
reading-4,MN,2011,R3,222.309,1.236,0
reading-4,MO,2011,R3,220.346,0.932,0
reading-4,MS,2011,R3,209.188,1.195,0
reading-4,MT,2011,R3,225.144,0.639,0
reading-4,NC,2011,R3,221.357,1.165,0
reading-4,ND,2011,R3,225.578,0.535,0
reading-4,NE,2011,R3,223.312,0.959,0
reading-4,NH,2011,R3,230.393,0.756,0
reading-4,NJ,2011,R3,231.238,1.235,0
reading-4,NM,2011,R3,208.014,1.039,0
reading-4,NP,2011,R3,220.026,0.309,0
reading-4,NV,2011,R3,212.575,1.032,0
reading-4,NY,2011,R3,222.494,1.069,0
reading-4,OH,2011,R3,223.828,0.97,0
reading-4,OK,2011,R3,215.478,1.115,0
reading-4,OR,2011,R3,216.44,1.103,0
reading-4,PA,2011,R3,227.236,1.223,0
reading-4,RI,2011,R3,222.482,0.766,0
reading-4,SC,2011,R3,214.9,1.181,0
reading-4,SD,2011,R3,219.814,0.898,0
reading-4,TN,2011,R3,214.64,1.119,0
reading-4,TX,2011,R3,218.321,1.503,0
reading-4,UT,2011,R3,220.416,0.991,0
reading-4,VA,2011,R3,226.378,1.14,0
reading-4,VT,2011,R3,226.772,0.622,0
reading-4,WA,2011,R3,220.529,1.149,0
reading-4,WI,2011,R3,221.24,0.83,0
reading-4,WV,2011,R3,214.386,0.784,0
reading-4,WY,2011,R3,224.062,0.761,0
reading-4,AK,2013,R3,209.347,0.987,0
reading-4,AL,2013,R3,218.576,1.155,0
reading-4,AR,2013,R3,218.524,0.932,0
reading-4,AZ,2013,R3,213.134,1.369,0
reading-4,CA,2013,R3,212.546,1.227,0
reading-4,CO,2013,R3,226.663,1.041,0
reading-4,CT,2013,R3,229.582,0.928,0
reading-4,DC,2013,R3,205.614,0.924,0
reading-4,DE,2013,R3,225.772,0.768,0
reading-4,FL,2013,R3,227.463,1.074,0
reading-4,GA,2013,R3,221.837,1.101,0
reading-4,HI,2013,R3,214.844,1.035,0
reading-4,IA,2013,R3,223.816,1.149,0
reading-4,ID,2013,R3,219.303,0.941,0
reading-4,IL,2013,R3,218.54,1.368,0
reading-4,IN,2013,R3,225.332,1.026,0
reading-4,KS,2013,R3,223.386,1.252,0
reading-4,KY,2013,R3,224.428,1.175,0
reading-4,LA,2013,R3,210.455,1.288,0
reading-4,MA,2013,R3,232.373,1.132,0
reading-4,MD,2013,R3,232.056,1.327,0
reading-4,ME,2013,R3,224.833,0.857,0
reading-4,MI,2013,R3,217.365,1.412,0
reading-4,MN,2013,R3,227.031,1.219,0
reading-4,MO,2013,R3,222.334,1.005,0
reading-4,MS,2013,R3,208.519,0.942,0
reading-4,MT,2013,R3,222.983,0.812,0
reading-4,NC,2013,R3,222.228,1.06,0
reading-4,ND,2013,R3,224.083,0.519,0
reading-4,NE,2013,R3,223.253,1.023,0
reading-4,NH,2013,R3,231.998,0.906,0
reading-4,NJ,2013,R3,228.72,1.309,0
reading-4,NM,2013,R3,205.756,1.144,0
reading-4,NP,2013,R3,220.675,0.273,0
reading-4,NV,2013,R3,213.755,1.108,0
reading-4,NY,2013,R3,223.813,1.199,0
reading-4,OH,2013,R3,223.888,1.228,0
reading-4,OK,2013,R3,216.989,1.134,0
reading-4,OR,2013,R3,219.133,1.328,0
reading-4,PA,2013,R3,226.402,1.3,0
reading-4,RI,2013,R3,222.802,0.95,0
reading-4,SC,2013,R3,213.647,1.233,0
reading-4,SD,2013,R3,217.931,1.03,0
reading-4,TN,2013,R3,219.735,1.372,0
reading-4,TX,2013,R3,216.91,1.058,0
reading-4,UT,2013,R3,222.768,1.082,0
reading-4,VA,2013,R3,228.556,1.315,0
reading-4,VT,2013,R3,227.987,0.637,0
reading-4,WA,2013,R3,225.049,1.404,0
reading-4,WI,2013,R3,220.818,1.633,0
reading-4,WV,2013,R3,214.663,0.778,0
reading-4,WY,2013,R3,225.849,0.551,0
reading-4,AK,2015,R3,212.793,1.281,0
reading-4,AL,2015,R3,217.049,1.36,0
reading-4,AR,2015,R3,218.077,1.099,0
reading-4,AZ,2015,R3,215.311,1.333,0
reading-4,CA,2015,R3,212.678,1.726,0
reading-4,CO,2015,R3,224.023,1.557,0
reading-4,CT,2015,R3,228.948,1.109,0
reading-4,DC,2015,R3,212.305,0.897,0
reading-4,DE,2015,R3,223.699,0.85,0
reading-4,FL,2015,R3,227.189,1.038,0
reading-4,GA,2015,R3,222.013,1.201,0
reading-4,HI,2015,R3,215.124,1.033,0
reading-4,IA,2015,R3,223.629,1.135,0
reading-4,ID,2015,R3,221.69,0.981,0
reading-4,IL,2015,R3,222.022,1.195,0
reading-4,IN,2015,R3,227.279,1.053,0
reading-4,KS,2015,R3,221.09,1.49,0
reading-4,KY,2015,R3,228.055,1.241,0
reading-4,LA,2015,R3,216.199,1.454,0
reading-4,MA,2015,R3,235.275,1.002,0
reading-4,MD,2015,R3,222.944,1.289,0
reading-4,ME,2015,R3,223.729,0.924,0
reading-4,MI,2015,R3,216.307,1.31,0
reading-4,MN,2015,R3,223.353,1.29,0
reading-4,MO,2015,R3,222.726,1.144,0
reading-4,MS,2015,R3,214.111,0.994,0
reading-4,MT,2015,R3,224.757,0.835,0
reading-4,NC,2015,R3,225.811,1.142,0
reading-4,ND,2015,R3,224.692,0.705,0
reading-4,NE,2015,R3,226.635,1.065,0
reading-4,NH,2015,R3,231.95,0.956,0
reading-4,NJ,2015,R3,229.488,1.43,0
reading-4,NM,2015,R3,207.24,0.979,0
reading-4,NP,2015,R3,221.356,0.38,0
reading-4,NV,2015,R3,214.426,1.163,0
reading-4,NY,2015,R3,222.646,1.095,0
reading-4,OH,2015,R3,224.93,1.188,0
reading-4,OK,2015,R3,221.831,1.113,0
reading-4,OR,2015,R3,220.223,1.425,0
reading-4,PA,2015,R3,226.671,1.777,0
reading-4,RI,2015,R3,225.486,0.858,0
reading-4,SC,2015,R3,217.97,1.378,0
reading-4,SD,2015,R3,220.47,0.92,0
reading-4,TN,2015,R3,218.613,1.433,0
reading-4,TX,2015,R3,217.943,1.72,0
reading-4,UT,2015,R3,226.143,1.094,0
reading-4,VA,2015,R3,228.971,1.743,0
reading-4,VT,2015,R3,230.099,0.772,0
reading-4,WA,2015,R3,225.893,1.518,0
reading-4,WI,2015,R3,223.356,1.089,0
reading-4,WV,2015,R3,216.253,1.194,0
reading-4,WY,2015,R3,228.161,0.684,0
reading-4,AK,2017,R3,207.038,1.199,0
reading-4,AL,2017,R3,216.42,1.212,0
reading-4,AR,2017,R3,216.108,1.198,0
reading-4,AZ,2017,R3,215.466,1.517,0
reading-4,CA,2017,R3,215.422,1.332,0
reading-4,CO,2017,R3,224.692,1.452,0
reading-4,CT,2017,R3,228.355,1.239,0
reading-4,DC,2017,R3,213.382,0.77,0
reading-4,DE,2017,R3,221.482,0.838,0
reading-4,FL,2017,R3,228.273,1.06,0
reading-4,GA,2017,R3,219.683,1.229,0
reading-4,HI,2017,R3,216.365,1.018,0
reading-4,IA,2017,R3,221.747,1.192,0
reading-4,ID,2017,R3,222.791,1.041,0
reading-4,IL,2017,R3,220.366,1.208,0
reading-4,IN,2017,R3,226.418,1.062,0
reading-4,KS,2017,R3,223.268,1.153,0
reading-4,KY,2017,R3,224.081,1.082,0
reading-4,LA,2017,R3,211.601,1.36,0
reading-4,MA,2017,R3,235.7,1.127,0
reading-4,MD,2017,R3,225.049,1.295,0
reading-4,ME,2017,R3,221.389,1.067,0
reading-4,MI,2017,R3,217.753,1.48,0
reading-4,MN,2017,R3,224.539,1.286,0
reading-4,MO,2017,R3,222.681,1.148,0
reading-4,MS,2017,R3,215.203,1.161,0
reading-4,MT,2017,R3,222.327,0.93,0
reading-4,NC,2017,R3,223.931,1.021,0
reading-4,ND,2017,R3,221.519,0.768,0
reading-4,NE,2017,R3,224.096,1.157,0
reading-4,NH,2017,R3,228.901,1.035,0
reading-4,NJ,2017,R3,232.943,1.169,0
reading-4,NM,2017,R3,207.704,1.136,0
reading-4,NP,2017,R3,220.812,0.247,0
reading-4,NV,2017,R3,214.842,1.648,0
reading-4,NY,2017,R3,221.884,1.268,0
reading-4,OH,2017,R3,225.261,0.955,0
reading-4,OK,2017,R3,216.588,1.125,0
reading-4,OR,2017,R3,217.531,1.437,0
reading-4,PA,2017,R3,224.925,1.143,0
reading-4,RI,2017,R3,223.353,0.951,0
reading-4,SC,2017,R3,213.128,1.249,0
reading-4,SD,2017,R3,221.75,1.022,0
reading-4,TN,2017,R3,218.953,1.066,0
reading-4,TX,2017,R3,214.878,1.132,0
reading-4,UT,2017,R3,225.159,1.119,0
reading-4,VA,2017,R3,227.598,1.503,0
reading-4,VT,2017,R3,226.445,0.811,0
reading-4,WA,2017,R3,223.123,1.387,0
reading-4,WI,2017,R3,219.613,0.948,0
reading-4,WV,2017,R3,217.316,1.19,0
reading-4,WY,2017,R3,226.831,0.879,0
reading-4,AK,2019,R3,204.374,1.157,0
reading-4,AL,2019,R3,211.729,1.205,0
reading-4,AR,2019,R3,215.054,1.187,0
reading-4,AZ,2019,R3,215.841,1.296,0
reading-4,CA,2019,R3,216.481,1.009,0
reading-4,CO,2019,R3,224.862,1.099,0
reading-4,CT,2019,R3,224.35,1.254,0
reading-4,DC,2019,R3,214.279,0.78,0
reading-4,DE,2019,R3,217.687,0.855,0
reading-4,FL,2019,R3,224.712,1.059,0
reading-4,GA,2019,R3,217.983,1.182,0
reading-4,HI,2019,R3,217.532,1.147,0
reading-4,IA,2019,R3,220.503,1.142,0
reading-4,ID,2019,R3,222.506,1.17,0
reading-4,IL,2019,R3,218.172,1.279,0
reading-4,IN,2019,R3,221.813,1.185,0
reading-4,KS,2019,R3,219.134,1.159,0
reading-4,KY,2019,R3,220.93,1.157,0
reading-4,LA,2019,R3,209.873,1.374,0
reading-4,MA,2019,R3,231.091,1.051,0
reading-4,MD,2019,R3,219.839,1.265,0
reading-4,ME,2019,R3,221.237,0.942,0
reading-4,MI,2019,R3,218.267,1.179,0
reading-4,MN,2019,R3,222.393,1.14,0
reading-4,MO,2019,R3,218.002,1.185,0
reading-4,MS,2019,R3,219.342,1.103,0
reading-4,MT,2019,R3,221.679,1.017,0
reading-4,NC,2019,R3,221.28,1.006,0
reading-4,ND,2019,R3,221.177,0.828,0
reading-4,NE,2019,R3,222.362,0.976,0
reading-4,NH,2019,R3,224.264,1.148,0
reading-4,NJ,2019,R3,227.189,1.286,0
reading-4,NM,2019,R3,207.565,1.156,0
reading-4,NP,2019,R3,219.44,0.203,0
reading-4,NV,2019,R3,217.618,1.116,0
reading-4,NY,2019,R3,219.604,1.281,0
reading-4,OH,2019,R3,221.969,1.13,0
reading-4,OK,2019,R3,216.351,1.112,0
reading-4,OR,2019,R3,217.718,1.094,0
reading-4,PA,2019,R3,223.213,1.231,0
reading-4,RI,2019,R3,220.193,0.88,0
reading-4,SC,2019,R3,215.982,1.295,0
reading-4,SD,2019,R3,222.005,1.019,0
reading-4,TN,2019,R3,219.061,0.972,0
reading-4,TX,2019,R3,216.045,1.132,0
reading-4,UT,2019,R3,225.149,1.039,0
reading-4,VA,2019,R3,223.642,1.229,0
reading-4,VT,2019,R3,221.826,0.757,0
reading-4,WA,2019,R3,219.693,1.261,0
reading-4,WI,2019,R3,219.704,1.132,0
reading-4,WV,2019,R3,213.185,1.107,0
reading-4,WY,2019,R3,226.69,0.888,0
reading-4,AK,2022,R3,203.834,1.596,0
reading-4,AL,2022,R3,213.305,1.542,0
reading-4,AR,2022,R3,211.952,1.853,0
reading-4,AZ,2022,R3,215.479,1.676,0
reading-4,CA,2022,R3,214.388,1.724,0
reading-4,CO,2022,R3,222.854,1.491,0
reading-4,CT,2022,R3,219.148,1.532,0
reading-4,DC,2022,R3,206.753,1.415,0
reading-4,DE,2022,R3,208.302,1.253,0
reading-4,FL,2022,R3,224.739,1.319,0
reading-4,GA,2022,R3,215.882,1.408,0
reading-4,HI,2022,R3,218.815,1.259,0
reading-4,IA,2022,R3,218.02,1.361,0
reading-4,ID,2022,R3,214.885,1.449,0
reading-4,IL,2022,R3,217.778,1.429,0
reading-4,IN,2022,R3,217.364,1.548,0
reading-4,KS,2022,R3,214.682,1.743,0
reading-4,KY,2022,R3,216.598,1.448,0
reading-4,LA,2022,R3,212.336,1.522,0
reading-4,MA,2022,R3,226.804,1.496,0
reading-4,MD,2022,R3,212.48,1.556,0
reading-4,ME,2022,R3,212.813,1.388,0
reading-4,MI,2022,R3,211.841,1.881,0
reading-4,MN,2022,R3,215.468,1.683,0
reading-4,MO,2022,R3,213.355,1.739,0
reading-4,MS,2022,R3,217.161,1.433,0
reading-4,MT,2022,R3,218.726,1.403,0
reading-4,NC,2022,R3,216.13,1.584,0
reading-4,ND,2022,R3,217.535,1.147,0
reading-4,NE,2022,R3,218.614,1.23,0
reading-4,NH,2022,R3,222.537,1.418,0
reading-4,NJ,2022,R3,222.728,1.763,0
reading-4,NM,2022,R3,202.081,1.492,0
reading-4,NP,2022,R3,216.113,0.36,0
reading-4,NV,2022,R3,211.525,1.606,0
reading-4,NY,2022,R3,213.573,1.857,0
reading-4,OH,2022,R3,218.562,1.221,0
reading-4,OK,2022,R3,208.108,1.339,0
reading-4,OR,2022,R3,210.314,1.622,0
reading-4,PA,2022,R3,218.894,1.67,0
reading-4,RI,2022,R3,217.261,1.202,0
reading-4,SC,2022,R3,216.389,1.541,0
reading-4,SD,2022,R3,218.067,1.209,0
reading-4,TN,2022,R3,214.001,1.517,0
reading-4,TX,2022,R3,214.198,1.807,0
reading-4,UT,2022,R3,221.086,1.414,0
reading-4,VA,2022,R3,214.036,1.738,0
reading-4,VT,2022,R3,216.983,1.193,0
reading-4,WA,2022,R3,216.691,1.835,0
reading-4,WI,2022,R3,217.374,1.806,0
reading-4,WV,2022,R3,205.31,1.386,0
reading-4,WY,2022,R3,224.794,1.202,0
reading-4,AK,2024,R3,201.593,1.394,0
reading-4,AL,2024,R3,213.21,1.956,0
reading-4,AR,2024,R3,209.704,1.626,0
reading-4,AZ,2024,R3,208.095,2.026,0
reading-4,CA,2024,R3,211.742,1.698,0
reading-4,CO,2024,R3,220.919,1.31,0
reading-4,CT,2024,R3,219.159,1.311,0
reading-4,DC,2024,R3,209.178,1.282,0
reading-4,DE,2024,R3,209.531,1.251,0
reading-4,FL,2024,R3,218.224,1.396,0
reading-4,GA,2024,R3,214.359,1.633,0
reading-4,HI,2024,R3,215.793,1.104,0
reading-4,IA,2024,R3,214.627,1.35,0
reading-4,ID,2024,R3,215.656,1.423,0
reading-4,IL,2024,R3,214.25,1.653,0
reading-4,IN,2024,R3,220.138,1.379,0
reading-4,KS,2024,R3,213.12,1.681,0
reading-4,KY,2024,R3,218.032,1.607,0
reading-4,LA,2024,R3,215.976,1.576,0
reading-4,MA,2024,R3,224.778,1.379,0
reading-4,MD,2024,R3,215.643,1.6,0
reading-4,ME,2024,R3,209.598,1.307,0
reading-4,MI,2024,R3,209.141,1.254,0
reading-4,MN,2024,R3,214.441,1.494,0
reading-4,MO,2024,R3,211.9,1.313,0
reading-4,MS,2024,R3,218.501,1.193,0
reading-4,MT,2024,R3,217.208,1.265,0
reading-4,NC,2024,R3,213.352,1.663,0
reading-4,ND,2024,R3,215.508,1.206,0
reading-4,NE,2024,R3,211.706,1.589,0
reading-4,NH,2024,R3,221.485,1.334,0
reading-4,NJ,2024,R3,221.637,2.335,0
reading-4,NM,2024,R3,200.638,1.388,0
reading-4,NP,2024,R3,214.275,0.364,0
reading-4,NV,2024,R3,213.136,1.531,0
reading-4,NY,2024,R3,214.63,1.68,0
reading-4,OH,2024,R3,215.994,1.584,0
reading-4,OK,2024,R3,207.265,1.439,0
reading-4,OR,2024,R3,206.975,1.689,0
reading-4,PA,2024,R3,215.762,1.532,0
reading-4,RI,2024,R3,216.3,1.314,0
reading-4,SC,2024,R3,214.909,1.518,0
reading-4,SD,2024,R3,214.055,1.345,0
reading-4,TN,2024,R3,215.06,1.631,0
reading-4,TX,2024,R3,211.923,1.508,0
reading-4,UT,2024,R3,219.324,1.392,0
reading-4,VA,2024,R3,214.106,1.756,0
reading-4,VT,2024,R3,212.685,1.291,0
reading-4,WA,2024,R3,215.715,1.294,0
reading-4,WI,2024,R3,215.316,1.329,0
reading-4,WV,2024,R3,205.87,1.339,0
reading-4,WY,2024,R3,221.943,1.028,0
reading-4,AK,1998,R3,,,320
reading-4,AL,1998,R3,211.338,1.867,0
reading-4,AR,1998,R3,208.742,1.635,0
reading-4,AZ,1998,R3,206.435,1.398,0
reading-4,CA,1998,R3,202.425,2.506,0
reading-4,CO,1998,R3,220.241,1.374,0
reading-4,CT,1998,R3,230.005,1.555,0
reading-4,DC,1998,R3,179.236,1.229,0
reading-4,DE,1998,R3,207.041,1.655,0
reading-4,FL,1998,R3,205.733,1.433,0
reading-4,GA,1998,R3,208.509,1.36,0
reading-4,HI,1998,R3,199.727,1.525,0
reading-4,IA,1998,R3,220.118,1.594,0
reading-4,ID,1998,R3,,,320
reading-4,IL,1998,R3,,,288
reading-4,IN,1998,R3,,,320
reading-4,KS,1998,R3,221.251,1.391,0
reading-4,KY,1998,R3,217.5,1.475,0
reading-4,LA,1998,R3,200.341,1.642,0
reading-4,MA,1998,R3,222.838,1.402,0
reading-4,MD,1998,R3,211.679,1.632,0
reading-4,ME,1998,R3,224.761,1.363,0
reading-4,MI,1998,R3,215.952,1.502,0
reading-4,MN,1998,R3,219.211,1.656,0
reading-4,MO,1998,R3,215.552,1.325,0
reading-4,MS,1998,R3,203.228,1.302,0
reading-4,MT,1998,R3,224.791,1.533,0
reading-4,NC,1998,R3,212.901,1.561,0
reading-4,ND,1998,R3,,,320
reading-4,NE,1998,R3,,,320
reading-4,NH,1998,R3,226.181,1.717,0
reading-4,NJ,1998,R3,,,320
reading-4,NM,1998,R3,204.869,1.374,0
reading-4,NP,1998,R3,212.815,1.217,0
reading-4,NV,1998,R3,205.786,1.781,0
reading-4,NY,1998,R3,215.422,1.595,0
reading-4,OH,1998,R3,,,320
reading-4,OK,1998,R3,219.211,1.195,0
reading-4,OR,1998,R3,211.557,1.818,0
reading-4,PA,1998,R3,,,320
reading-4,RI,1998,R3,217.886,1.382,0
reading-4,SC,1998,R3,208.833,1.434,0
reading-4,SD,1998,R3,,,320
reading-4,TN,1998,R3,211.796,1.413,0
reading-4,TX,1998,R3,214.154,1.904,0
reading-4,UT,1998,R3,216.215,1.2,0
reading-4,VA,1998,R3,217.248,1.227,0
reading-4,VT,1998,R3,,,320
reading-4,WA,1998,R3,218.157,1.42,0
reading-4,WI,1998,R3,222.389,1.105,0
reading-4,WV,1998,R3,215.621,1.67,0
reading-4,WY,1998,R3,218.232,1.539,0
reading-4,AK,1994,R2,,,328
reading-4,AL,1994,R2,207.964,1.523,8
reading-4,AR,1994,R2,208.634,1.716,8
reading-4,AZ,1994,R2,206.213,1.855,8
reading-4,CA,1994,R2,196.764,1.846,8
reading-4,CO,1994,R2,213.481,1.322,8
reading-4,CT,1994,R2,222.418,1.631,8
reading-4,DC,1994,R2,178.558,0.863,8
reading-4,DE,1994,R2,206.389,1.086,8
reading-4,FL,1994,R2,204.883,1.743,8
reading-4,GA,1994,R2,206.844,2.407,8
reading-4,HI,1994,R2,200.88,1.672,8
reading-4,IA,1994,R2,222.853,1.317,8
reading-4,ID,1994,R2,,,296
reading-4,IL,1994,R2,,,328
reading-4,IN,1994,R2,219.763,1.347,8
reading-4,KS,1994,R2,,,328
reading-4,KY,1994,R2,211.562,1.585,8
reading-4,LA,1994,R2,196.762,1.314,8
reading-4,MA,1994,R2,223.16,1.331,8
reading-4,MD,1994,R2,209.645,1.471,8
reading-4,ME,1994,R2,228.38,1.3,8
reading-4,MI,1994,R2,,,296
reading-4,MN,1994,R2,218.302,1.356,8
reading-4,MO,1994,R2,216.898,1.504,8
reading-4,MS,1994,R2,201.529,1.634,8
reading-4,MT,1994,R2,222.301,1.391,8
reading-4,NC,1994,R2,214.358,1.517,8
reading-4,ND,1994,R2,225.239,1.232,8
reading-4,NE,1994,R2,220.035,1.465,8
reading-4,NH,1994,R2,223.466,1.495,8
reading-4,NJ,1994,R2,219.39,1.209,8
reading-4,NM,1994,R2,204.536,1.726,8
reading-4,NP,1994,R2,212.333,1.111,8
reading-4,NV,1994,R2,,,328
reading-4,NY,1994,R2,211.741,1.413,8
reading-4,OH,1994,R2,,,328
reading-4,OK,1994,R2,,,328
reading-4,OR,1994,R2,,,328
reading-4,PA,1994,R2,215.268,1.566,8
reading-4,RI,1994,R2,219.94,1.296,8
reading-4,SC,1994,R2,203.416,1.395,8
reading-4,SD,1994,R2,,,328
reading-4,TN,1994,R2,212.531,1.723,8
reading-4,TX,1994,R2,212.394,1.879,8
reading-4,UT,1994,R2,217.33,1.265,8
reading-4,VA,1994,R2,213.457,1.462,8
reading-4,VT,1994,R2,,,328
reading-4,WA,1994,R2,212.695,1.474,8
reading-4,WI,1994,R2,224.175,1.142,8
reading-4,WV,1994,R2,213.147,1.073,8
reading-4,WY,1994,R2,221.186,1.235,8
reading-4,AK,2003,R3,211.547,1.638,0
reading-4,AL,2003,R3,207.084,1.725,0
reading-4,AR,2003,R3,213.615,1.381,0
reading-4,AZ,2003,R3,208.873,1.245,0
reading-4,CA,2003,R3,205.632,1.243,0
reading-4,CO,2003,R3,223.661,1.221,0
reading-4,CT,2003,R3,228.341,1.096,0
reading-4,DC,2003,R3,188.374,0.862,0
reading-4,DE,2003,R3,223.929,0.652,0
reading-4,FL,2003,R3,218.014,1.145,0
reading-4,GA,2003,R3,213.597,1.25,0
reading-4,HI,2003,R3,208.26,1.368,0
reading-4,IA,2003,R3,223.271,1.107,0
reading-4,ID,2003,R3,218.26,1.012,0
reading-4,IL,2003,R3,216.304,1.574,0
reading-4,IN,2003,R3,220.406,0.976,0
reading-4,KS,2003,R3,220.143,1.189,0
reading-4,KY,2003,R3,219.044,1.327,0
reading-4,LA,2003,R3,204.729,1.408,0
reading-4,MA,2003,R3,227.604,1.222,0
reading-4,MD,2003,R3,218.674,1.407,0
reading-4,ME,2003,R3,223.859,0.923,0
reading-4,MI,2003,R3,218.789,1.185,0
reading-4,MN,2003,R3,222.609,1.098,0
reading-4,MO,2003,R3,222.26,1.17,0
reading-4,MS,2003,R3,205.464,1.348,0
reading-4,MT,2003,R3,222.747,1.197,0
reading-4,NC,2003,R3,221.221,1.021,0
reading-4,ND,2003,R3,221.642,0.851,0
reading-4,NE,2003,R3,220.612,1.001,0
reading-4,NH,2003,R3,227.79,0.984,0
reading-4,NJ,2003,R3,225.073,1.177,0
reading-4,NM,2003,R3,203.185,1.53,0
reading-4,NP,2003,R3,216.456,0.269,0
reading-4,NV,2003,R3,206.96,1.24,0
reading-4,NY,2003,R3,222.188,1.089,0
reading-4,OH,2003,R3,221.866,1.154,0
reading-4,OK,2003,R3,213.579,1.241,0
reading-4,OR,2003,R3,217.615,1.3,0
reading-4,PA,2003,R3,218.698,1.281,0
reading-4,RI,2003,R3,216.494,1.317,0
reading-4,SC,2003,R3,214.808,1.286,0
reading-4,SD,2003,R3,222.273,1.166,0
reading-4,TN,2003,R3,211.948,1.6,0
reading-4,TX,2003,R3,214.808,1.046,0
reading-4,UT,2003,R3,219.27,1.019,0
reading-4,VA,2003,R3,223.34,1.495,0
reading-4,VT,2003,R3,226.122,0.913,0
reading-4,WA,2003,R3,221.097,1.12,0
reading-4,WI,2003,R3,220.833,0.848,0
reading-4,WV,2003,R3,219.18,1.03,0
reading-4,WY,2003,R3,222.075,0.839,0
reading-4,AK,2002,R3,,,320
reading-4,AL,2002,R3,206.88,1.409,0
reading-4,AR,2002,R3,212.882,1.352,0
reading-4,AZ,2002,R3,205.347,1.512,0
reading-4,CA,2002,R3,205.917,2.505,0
reading-4,CO,2002,R3,,,320
reading-4,CT,2002,R3,229.381,1.069,0
reading-4,DC,2002,R3,190.518,0.908,0
reading-4,DE,2002,R3,224.304,0.615,0
reading-4,FL,2002,R3,214.405,1.353,0
reading-4,GA,2002,R3,214.818,1.003,0
reading-4,HI,2002,R3,207.585,0.9,0
reading-4,IA,2002,R3,223.331,1.114,0
reading-4,ID,2002,R3,220.218,1.055,0
reading-4,IL,2002,R3,,,288
reading-4,IN,2002,R3,221.88,1.413,0
reading-4,KS,2002,R3,221.978,1.42,0
reading-4,KY,2002,R3,219.042,1.117,0
reading-4,LA,2002,R3,206.64,1.715,0
reading-4,MA,2002,R3,233.748,1.052,0
reading-4,MD,2002,R3,217.211,1.539,0
reading-4,ME,2002,R3,224.508,1.146,0
reading-4,MI,2002,R3,218.613,1.148,0
reading-4,MN,2002,R3,225.259,1.065,0
reading-4,MO,2002,R3,220.172,1.255,0
reading-4,MS,2002,R3,202.793,1.333,0
reading-4,MT,2002,R3,224.163,1.825,0
reading-4,NC,2002,R3,221.634,0.968,0
reading-4,ND,2002,R3,223.592,0.975,0
reading-4,NE,2002,R3,221.565,1.502,0
reading-4,NH,2002,R3,,,320
reading-4,NJ,2002,R3,,,320
reading-4,NM,2002,R3,207.501,1.628,0
reading-4,NP,2002,R3,216.798,0.451,0
reading-4,NV,2002,R3,209.129,1.233,0
reading-4,NY,2002,R3,222.445,1.453,0
reading-4,OH,2002,R3,222.436,1.339,0
reading-4,OK,2002,R3,213.328,1.167,0
reading-4,OR,2002,R3,219.937,1.37,0
reading-4,PA,2002,R3,220.636,1.178,0
reading-4,RI,2002,R3,219.624,1.153,0
reading-4,SC,2002,R3,213.859,1.251,0
reading-4,SD,2002,R3,,,320
reading-4,TN,2002,R3,213.694,1.248,0
reading-4,TX,2002,R3,216.932,1.734,0
reading-4,UT,2002,R3,221.514,0.974,0
reading-4,VA,2002,R3,225.009,1.264,0
reading-4,VT,2002,R3,226.961,1.053,0
reading-4,WA,2002,R3,223.656,1.212,0
reading-4,WI,2002,R3,,,288
reading-4,WV,2002,R3,218.778,1.185,0
reading-4,WY,2002,R3,221.13,1.009,0
reading-4,AK,1998,R2,,,328
reading-4,AL,1998,R2,210.921,1.788,8
reading-4,AR,1998,R2,208.838,1.486,8
reading-4,AZ,1998,R2,206.53,2.015,8
reading-4,CA,1998,R2,201.913,3.213,8
reading-4,CO,1998,R2,221.653,1.312,8
reading-4,CT,1998,R2,231.598,1.851,8
reading-4,DC,1998,R2,181.627,1.404,8
reading-4,DE,1998,R2,212.003,1.279,8
reading-4,FL,1998,R2,207.298,1.459,8
reading-4,GA,1998,R2,209.819,1.587,8
reading-4,HI,1998,R2,199.702,1.756,8
reading-4,IA,1998,R2,223.045,1.182,8
reading-4,ID,1998,R2,,,328
reading-4,IL,1998,R2,,,296
reading-4,IN,1998,R2,,,328
reading-4,KS,1998,R2,222.185,1.474,8
reading-4,KY,1998,R2,217.531,1.489,8
reading-4,LA,1998,R2,204.227,1.501,8
reading-4,MA,1998,R2,225.31,1.402,8
reading-4,MD,1998,R2,214.93,1.63,8
reading-4,ME,1998,R2,225.404,1.237,8
reading-4,MI,1998,R2,216.501,1.66,8
reading-4,MN,1998,R2,221.83,1.481,8
reading-4,MO,1998,R2,216.183,1.662,8
reading-4,MS,1998,R2,204.302,1.457,8
reading-4,MT,1998,R2,226.149,1.665,8
reading-4,NC,1998,R2,216.837,1.343,8
reading-4,ND,1998,R2,,,328
reading-4,NE,1998,R2,,,328
reading-4,NH,1998,R2,225.716,1.335,8
reading-4,NJ,1998,R2,,,328
reading-4,NM,1998,R2,205.949,2.022,8
reading-4,NP,1998,R2,215.443,0.841,8
reading-4,NV,1998,R2,207.598,1.362,8
reading-4,NY,1998,R2,215.779,1.625,8
reading-4,OH,1998,R2,,,328
reading-4,OK,1998,R2,219.512,1.134,8
reading-4,OR,1998,R2,214.442,1.626,8
reading-4,PA,1998,R2,,,328
reading-4,RI,1998,R2,218.028,1.737,8
reading-4,SC,1998,R2,210.449,1.284,8
reading-4,SD,1998,R2,,,328
reading-4,TN,1998,R2,212.404,1.491,8
reading-4,TX,1998,R2,216.862,2.12,8
reading-4,UT,1998,R2,215.409,1.332,8
reading-4,VA,1998,R2,218.353,1.333,8
reading-4,VT,1998,R2,,,328
reading-4,WA,1998,R2,216.847,1.338,8
reading-4,WI,1998,R2,224.347,1.15,8
reading-4,WV,1998,R2,216.443,1.485,8
reading-4,WY,1998,R2,219.011,1.62,8
reading-8,AK,2003,R3,256.41,1.097,0
reading-8,AL,2003,R3,253.173,1.507,0
reading-8,AR,2003,R3,257.998,1.289,0
reading-8,AZ,2003,R3,255.32,1.358,0
reading-8,CA,2003,R3,251.008,1.278,0
reading-8,CO,2003,R3,267.593,1.201,0
reading-8,CT,2003,R3,267.218,1.081,0
reading-8,DC,2003,R3,238.701,0.75,0
reading-8,DE,2003,R3,264.532,0.742,0
reading-8,FL,2003,R3,257.301,1.329,0
reading-8,GA,2003,R3,257.715,1.138,0
reading-8,HI,2003,R3,251.285,0.873,0
reading-8,IA,2003,R3,267.505,0.794,0
reading-8,ID,2003,R3,264.44,0.892,0
reading-8,IL,2003,R3,266.409,1.013,0
reading-8,IN,2003,R3,264.833,1.039,0
reading-8,KS,2003,R3,266.012,1.476,0
reading-8,KY,2003,R3,266.191,1.253,0
reading-8,LA,2003,R3,253.448,1.577,0
reading-8,MA,2003,R3,272.907,0.965,0
reading-8,MD,2003,R3,261.596,1.449,0
reading-8,ME,2003,R3,268.323,0.98,0
reading-8,MI,2003,R3,264.378,1.84,0
reading-8,MN,2003,R3,267.711,1.083,0
reading-8,MO,2003,R3,267.364,1.012,0
reading-8,MS,2003,R3,255.011,1.379,0
reading-8,MT,2003,R3,269.833,1.041,0
reading-8,NC,2003,R3,261.712,0.978,0
reading-8,ND,2003,R3,269.73,0.775,0
reading-8,NE,2003,R3,266.314,0.905,0
reading-8,NH,2003,R3,270.734,0.935,0
reading-8,NJ,2003,R3,267.787,1.207,0
reading-8,NM,2003,R3,251.599,0.869,0
reading-8,NP,2003,R3,261.333,0.244,0
reading-8,NV,2003,R3,252.31,0.817,0
reading-8,NY,2003,R3,265.33,1.332,0
reading-8,OH,2003,R3,266.566,1.316,0
reading-8,OK,2003,R3,261.72,0.947,0
reading-8,OR,2003,R3,264.026,1.232,0
reading-8,PA,2003,R3,264.267,1.183,0
reading-8,RI,2003,R3,260.88,0.707,0
reading-8,SC,2003,R3,258.089,1.263,0
reading-8,SD,2003,R3,269.971,0.774,0
reading-8,TN,2003,R3,258.108,1.171,0
reading-8,TX,2003,R3,258.777,1.117,0
reading-8,UT,2003,R3,264.303,0.84,0
reading-8,VA,2003,R3,268.005,1.053,0
reading-8,VT,2003,R3,270.519,0.823,0
reading-8,WA,2003,R3,264.494,0.884,0
reading-8,WI,2003,R3,266.469,1.274,0
reading-8,WV,2003,R3,259.564,0.998,0
reading-8,WY,2003,R3,267.001,0.525,0
reading-8,AK,2009,R3,259.449,0.921,0
reading-8,AL,2009,R3,254.895,1.085,0
reading-8,AR,2009,R3,258.049,1.227,0
reading-8,AZ,2009,R3,257.595,1.236,0
reading-8,CA,2009,R3,252.631,1.221,0
reading-8,CO,2009,R3,265.513,0.765,0
reading-8,CT,2009,R3,271.81,0.862,0
reading-8,DC,2009,R3,242.49,0.948,0
reading-8,DE,2009,R3,264.999,0.688,0
reading-8,FL,2009,R3,264.362,1.153,0
reading-8,GA,2009,R3,260.245,1.027,0
reading-8,HI,2009,R3,254.739,0.628,0
reading-8,IA,2009,R3,264.888,0.949,0
reading-8,ID,2009,R3,264.837,0.87,0
reading-8,IL,2009,R3,264.514,1.225,0
reading-8,IN,2009,R3,265.691,0.982,0
reading-8,KS,2009,R3,266.8,1.105,0
reading-8,KY,2009,R3,266.854,0.92,0
reading-8,LA,2009,R3,253.329,1.582,0
reading-8,MA,2009,R3,273.589,1.192,0
reading-8,MD,2009,R3,267.298,1.114,0
reading-8,ME,2009,R3,267.706,0.741,0
reading-8,MI,2009,R3,261.898,1.374,0
reading-8,MN,2009,R3,269.74,0.971,0
reading-8,MO,2009,R3,266.876,0.954,0
reading-8,MS,2009,R3,251.306,1.008,0
reading-8,MT,2009,R3,270.394,0.641,0
reading-8,NC,2009,R3,259.528,1.188,0
reading-8,ND,2009,R3,269.24,0.637,0
reading-8,NE,2009,R3,267.068,0.932,0
reading-8,NH,2009,R3,270.748,0.958,0
reading-8,NJ,2009,R3,272.803,1.305,0
reading-8,NM,2009,R3,254.129,1.237,0
reading-8,NP,2009,R3,262.294,0.287,0
reading-8,NV,2009,R3,253.841,0.861,0
reading-8,NY,2009,R3,264.288,1.247,0
reading-8,OH,2009,R3,268.678,1.341,0
reading-8,OK,2009,R3,259.496,0.918,0
reading-8,OR,2009,R3,265.089,1.007,0
reading-8,PA,2009,R3,270.701,0.847,0
reading-8,RI,2009,R3,259.886,0.607,0
reading-8,SC,2009,R3,257.274,1.23,0
reading-8,SD,2009,R3,270.061,0.513,0
reading-8,TN,2009,R3,260.947,1.101,0
reading-8,TX,2009,R3,260.369,1.051,0
reading-8,UT,2009,R3,265.592,0.84,0
reading-8,VA,2009,R3,265.642,1.068,0
reading-8,VT,2009,R3,272.305,0.587,0
reading-8,WA,2009,R3,266.918,1.138,0
reading-8,WI,2009,R3,265.813,1.05,0
reading-8,WV,2009,R3,254.8,0.853,0
reading-8,WY,2009,R3,268.159,0.985,0
reading-8,AK,2011,R3,261.285,0.864,0
reading-8,AL,2011,R3,258.421,1.487,0
reading-8,AR,2011,R3,259.141,0.918,0
reading-8,AZ,2011,R3,260.148,1.247,0
reading-8,CA,2011,R3,254.935,1.016,0
reading-8,CO,2011,R3,270.636,1.449,0
reading-8,CT,2011,R3,274.681,0.904,0
reading-8,DC,2011,R3,242.056,0.864,0
reading-8,DE,2011,R3,265.839,0.641,0
reading-8,FL,2011,R3,262.121,1.02,0
reading-8,GA,2011,R3,262.359,1.059,0
reading-8,HI,2011,R3,257.188,0.655,0
reading-8,IA,2011,R3,264.555,0.981,0
reading-8,ID,2011,R3,268.015,0.74,0
reading-8,IL,2011,R3,265.644,0.819,0
reading-8,IN,2011,R3,264.73,0.963,0
reading-8,KS,2011,R3,267.336,0.975,0
reading-8,KY,2011,R3,268.834,0.829,0
reading-8,LA,2011,R3,254.688,1.536,0
reading-8,MA,2011,R3,275.369,1.015,0
reading-8,MD,2011,R3,271.223,1.152,0
reading-8,ME,2011,R3,269.872,0.814,0
reading-8,MI,2011,R3,265.194,0.918,0
reading-8,MN,2011,R3,270.149,1.042,0
reading-8,MO,2011,R3,266.762,1.051,0
reading-8,MS,2011,R3,253.833,1.229,0
reading-8,MT,2011,R3,272.874,0.623,0
reading-8,NC,2011,R3,262.929,0.92,0
reading-8,ND,2011,R3,268.694,0.69,0
reading-8,NE,2011,R3,267.704,0.702,0
reading-8,NH,2011,R3,272.079,0.749,0
reading-8,NJ,2011,R3,275.183,1.158,0
reading-8,NM,2011,R3,255.862,0.85,0
reading-8,NP,2011,R3,263.593,0.23,0
reading-8,NV,2011,R3,258.193,0.908,0
reading-8,NY,2011,R3,265.697,1.14,0
reading-8,OH,2011,R3,268.284,1.101,0
reading-8,OK,2011,R3,260.121,1.066,0
reading-8,OR,2011,R3,264.226,0.938,0
reading-8,PA,2011,R3,267.751,1.262,0
reading-8,RI,2011,R3,265.12,0.679,0
reading-8,SC,2011,R3,260.307,0.949,0
reading-8,SD,2011,R3,268.942,0.754,0
reading-8,TN,2011,R3,259.208,1.015,0
reading-8,TX,2011,R3,261.428,0.989,0
reading-8,UT,2011,R3,267.087,0.803,0
reading-8,VA,2011,R3,267.273,1.161,0
reading-8,VT,2011,R3,273.841,0.852,0
reading-8,WA,2011,R3,267.577,0.974,0
reading-8,WI,2011,R3,267.167,0.926,0
reading-8,WV,2011,R3,256.107,0.898,0
reading-8,WY,2011,R3,269.569,0.966,0
reading-8,AK,2013,R3,261.256,0.83,0
reading-8,AL,2013,R3,257.428,1.177,0
reading-8,AR,2013,R3,261.964,1.078,0
reading-8,AZ,2013,R3,260.448,1.101,0
reading-8,CA,2013,R3,261.502,1.201,0
reading-8,CO,2013,R3,271.009,1.144,0
reading-8,CT,2013,R3,274.46,1.008,0
reading-8,DC,2013,R3,247.739,0.873,0
reading-8,DE,2013,R3,265.985,0.685,0
reading-8,FL,2013,R3,265.828,1.094,0
reading-8,GA,2013,R3,264.616,1.195,0
reading-8,HI,2013,R3,259.961,0.817,0
reading-8,IA,2013,R3,269.003,0.815,0
reading-8,ID,2013,R3,270.224,0.845,0
reading-8,IL,2013,R3,266.899,0.964,0
reading-8,IN,2013,R3,267.273,1.153,0
reading-8,KS,2013,R3,266.888,0.976,0
reading-8,KY,2013,R3,269.616,0.847,0
reading-8,LA,2013,R3,257.351,1.015,0
reading-8,MA,2013,R3,277.01,0.958,0
reading-8,MD,2013,R3,273.802,1.083,0
reading-8,ME,2013,R3,269.194,0.798,0
reading-8,MI,2013,R3,265.943,0.992,0
reading-8,MN,2013,R3,271.02,1.023,0
reading-8,MO,2013,R3,267.215,1.136,0
reading-8,MS,2013,R3,253.148,1.03,0
reading-8,MT,2013,R3,271.766,0.801,0
reading-8,NC,2013,R3,264.541,1.125,0
reading-8,ND,2013,R3,267.779,0.559,0
reading-8,NE,2013,R3,269.222,0.841,0
reading-8,NH,2013,R3,274.308,0.771,0
reading-8,NJ,2013,R3,276.378,1.055,0
reading-8,NM,2013,R3,255.87,0.75,0
reading-8,NP,2013,R3,266.019,0.241,0
reading-8,NV,2013,R3,261.696,0.743,0
reading-8,NY,2013,R3,266.346,1.101,0
reading-8,OH,2013,R3,269.087,1.015,0
reading-8,OK,2013,R3,261.931,0.911,0
reading-8,OR,2013,R3,268.283,0.901,0
reading-8,PA,2013,R3,272.085,1.007,0
reading-8,RI,2013,R3,266.677,0.61,0
reading-8,SC,2013,R3,261.449,1.014,0
reading-8,SD,2013,R3,268.101,0.752,0
reading-8,TN,2013,R3,265.36,1.059,0
reading-8,TX,2013,R3,263.684,1.135,0
reading-8,UT,2013,R3,270.042,0.87,0
reading-8,VA,2013,R3,267.59,1.316,0
reading-8,VT,2013,R3,274.369,0.664,0
reading-8,WA,2013,R3,272.036,0.99,0
reading-8,WI,2013,R3,267.543,0.943,0
reading-8,WV,2013,R3,257.384,0.916,0
reading-8,WY,2013,R3,270.966,0.602,0
reading-8,AK,1998,R2,,,328
reading-8,AL,1998,R2,255.227,1.35,8
reading-8,AR,1998,R2,255.727,1.324,8
reading-8,AZ,1998,R2,260.8,1.181,8
reading-8,CA,1998,R2,253.213,1.651,8
reading-8,CO,1998,R2,263.542,1.094,8
reading-8,CT,1998,R2,271.567,1.077,8
reading-8,DC,1998,R2,236.379,1.961,8
reading-8,DE,1998,R2,255.882,1.275,8
reading-8,FL,1998,R2,253.335,1.7,8
reading-8,GA,1998,R2,257.073,1.432,8
reading-8,HI,1998,R2,249.69,1.321,8
reading-8,IA,1998,R2,,,328
reading-8,ID,1998,R2,,,328
reading-8,IL,1998,R2,,,296
reading-8,IN,1998,R2,,,328
reading-8,KS,1998,R2,267.788,1.199,8
reading-8,KY,1998,R2,262.062,1.29,8
reading-8,LA,1998,R2,251.892,1.469,8
reading-8,MA,1998,R2,268.872,1.56,8
reading-8,MD,1998,R2,262.103,1.837,8
reading-8,ME,1998,R2,272.647,1.178,8
reading-8,MI,1998,R2,,,328
reading-8,MN,1998,R2,267.218,1.293,8
reading-8,MO,1998,R2,262.904,1.314,8
reading-8,MS,1998,R2,250.578,1.433,8
reading-8,MT,1998,R2,270.213,1.136,8
reading-8,NC,1998,R2,263.592,1.141,8
reading-8,ND,1998,R2,,,328
reading-8,NE,1998,R2,,,328
reading-8,NH,1998,R2,,,328
reading-8,NJ,1998,R2,,,328
reading-8,NM,1998,R2,257.532,1.235,8
reading-8,NP,1998,R2,261.393,0.803,8
reading-8,NV,1998,R2,256.838,1.141,8
reading-8,NY,1998,R2,266.312,1.591,8
reading-8,OH,1998,R2,,,328
reading-8,OK,1998,R2,265.364,1.277,8
reading-8,OR,1998,R2,265.807,1.445,8
reading-8,PA,1998,R2,,,328
reading-8,RI,1998,R2,262.325,0.962,8
reading-8,SC,1998,R2,254.524,1.325,8
reading-8,SD,1998,R2,,,328
reading-8,TN,1998,R2,258.86,1.296,8
reading-8,TX,1998,R2,262.17,1.464,8
reading-8,UT,1998,R2,264.62,1.06,8
reading-8,VA,1998,R2,266.42,1.11,8
reading-8,VT,1998,R2,,,328
reading-8,WA,1998,R2,264.714,1.28,8
reading-8,WI,1998,R2,265.977,1.57,8
reading-8,WV,1998,R2,261.578,1.19,8
reading-8,WY,1998,R2,262.119,1.317,8
reading-8,AK,2005,R3,258.721,0.873,0
reading-8,AL,2005,R3,251.978,1.445,0
reading-8,AR,2005,R3,257.692,1.097,0
reading-8,AZ,2005,R3,254.788,1.006,0
reading-8,CA,2005,R3,250.431,0.554,0
reading-8,CO,2005,R3,264.758,1.073,0
reading-8,CT,2005,R3,264.013,1.295,0
reading-8,DC,2005,R3,238.203,0.871,0
reading-8,DE,2005,R3,266.009,0.625,0
reading-8,FL,2005,R3,255.78,1.189,0
reading-8,GA,2005,R3,256.872,1.306,0
reading-8,HI,2005,R3,248.505,0.865,0
reading-8,IA,2005,R3,267.003,0.903,0
reading-8,ID,2005,R3,264.302,1.054,0
reading-8,IL,2005,R3,263.517,1.007,0
reading-8,IN,2005,R3,261.014,1.119,0
reading-8,KS,2005,R3,266.831,0.991,0
reading-8,KY,2005,R3,263.938,1.143,0
reading-8,LA,2005,R3,252.692,1.579,0
reading-8,MA,2005,R3,273.716,1.003,0
reading-8,MD,2005,R3,260.782,1.22,0
reading-8,ME,2005,R3,269.983,0.953,0
reading-8,MI,2005,R3,261.138,1.164,0
reading-8,MN,2005,R3,268.357,1.188,0
reading-8,MO,2005,R3,264.659,1.034,0
reading-8,MS,2005,R3,250.531,1.251,0
reading-8,MT,2005,R3,269.224,0.745,0
reading-8,NC,2005,R3,258.16,0.924,0
reading-8,ND,2005,R3,270.244,0.642,0
reading-8,NE,2005,R3,267.456,0.895,0
reading-8,NH,2005,R3,269.651,1.179,0
reading-8,NJ,2005,R3,269.423,1.2,0
reading-8,NM,2005,R3,251.033,1.003,0
reading-8,NP,2005,R3,260.405,0.189,0
reading-8,NV,2005,R3,252.869,0.945,0
reading-8,NY,2005,R3,265.139,0.963,0
reading-8,OH,2005,R3,266.767,1.253,0
reading-8,OK,2005,R3,259.631,1.057,0
reading-8,OR,2005,R3,263.157,1.145,0
reading-8,PA,2005,R3,266.822,1.322,0
reading-8,RI,2005,R3,260.968,0.701,0
reading-8,SC,2005,R3,257.169,1.065,0
reading-8,SD,2005,R3,268.54,0.631,0
reading-8,TN,2005,R3,259.072,0.939,0
reading-8,TX,2005,R3,258.192,0.643,0
reading-8,UT,2005,R3,261.871,0.753,0
reading-8,VA,2005,R3,267.809,1.04,0
reading-8,VT,2005,R3,268.772,0.746,0
reading-8,WA,2005,R3,264.657,1.256,0
reading-8,WI,2005,R3,266.229,1.12,0
reading-8,WV,2005,R3,255.073,1.221,0
reading-8,WY,2005,R3,268.124,0.678,0
reading-8,AK,2019,R3,252.385,1.059,0
reading-8,AL,2019,R3,253.399,1.387,0
reading-8,AR,2019,R3,258.783,1.119,0
reading-8,AZ,2019,R3,259.48,1.226,0
reading-8,CA,2019,R3,258.83,1.405,0
reading-8,CO,2019,R3,267.308,0.949,0
reading-8,CT,2019,R3,269.719,1.193,0
reading-8,DC,2019,R3,249.814,0.878,0
reading-8,DE,2019,R3,259.679,0.817,0
reading-8,FL,2019,R3,263.353,1.081,0
reading-8,GA,2019,R3,262.386,1.006,0
reading-8,HI,2019,R3,258.159,1.046,0
reading-8,IA,2019,R3,262.329,1.088,0
reading-8,ID,2019,R3,266.483,0.88,0
reading-8,IL,2019,R3,264.696,1.048,0
reading-8,IN,2019,R3,265.955,1.312,0
reading-8,KS,2019,R3,262.819,0.933,0
reading-8,KY,2019,R3,262.964,0.953,0
reading-8,LA,2019,R3,257.422,1.4,0
reading-8,MA,2019,R3,273.113,1.031,0
reading-8,MD,2019,R3,264.389,0.987,0
reading-8,ME,2019,R3,265.169,0.903,0
reading-8,MI,2019,R3,262.58,1.161,0
reading-8,MN,2019,R3,263.813,1.103,0
reading-8,MO,2019,R3,263.292,1.218,0
reading-8,MS,2019,R3,256.38,0.998,0
reading-8,MT,2019,R3,264.832,0.755,0
reading-8,NC,2019,R3,262.53,1.063,0
reading-8,ND,2019,R3,263.233,0.932,0
reading-8,NE,2019,R3,263.989,0.874,0
reading-8,NH,2019,R3,267.951,0.988,0
reading-8,NJ,2019,R3,270.358,1.189,0
reading-8,NM,2019,R3,251.7,1.003,0
reading-8,NP,2019,R3,261.998,0.297,0
reading-8,NV,2019,R3,258.075,0.929,0
reading-8,NY,2019,R3,261.752,1.151,0
reading-8,OH,2019,R3,267.049,1.204,0
reading-8,OK,2019,R3,258.197,0.893,0
reading-8,OR,2019,R3,263.722,1.087,0
reading-8,PA,2019,R3,264.181,1.1,0
reading-8,RI,2019,R3,262.146,0.86,0
reading-8,SC,2019,R3,258.977,0.856,0
reading-8,SD,2019,R3,262.771,0.946,0
reading-8,TN,2019,R3,262.463,1.081,0
reading-8,TX,2019,R3,255.742,1.214,0
reading-8,UT,2019,R3,267.418,1.154,0
reading-8,VA,2019,R3,261.798,1.266,0
reading-8,VT,2019,R3,268.481,0.79,0
reading-8,WA,2019,R3,266.277,1.345,0
reading-8,WI,2019,R3,267.384,0.938,0
reading-8,WV,2019,R3,255.624,1.003,0
reading-8,WY,2019,R3,264.642,0.793,0
reading-8,AK,2022,R3,252.553,1.299,0
reading-8,AL,2022,R3,250.896,1.249,0
reading-8,AR,2022,R3,255.042,1.156,0
reading-8,AZ,2022,R3,258.529,1.258,0
reading-8,CA,2022,R3,258.785,1.487,0
reading-8,CO,2022,R3,263.455,1.287,0
reading-8,CT,2022,R3,263.807,1.099,0
reading-8,DC,2022,R3,249.707,0.981,0
reading-8,DE,2022,R3,253.007,1.106,0
reading-8,FL,2022,R3,259.631,1.223,0
reading-8,GA,2022,R3,259.986,1.444,0
reading-8,HI,2022,R3,258.984,0.91,0
reading-8,IA,2022,R3,259.767,1.085,0
reading-8,ID,2022,R3,263.535,1.066,0
reading-8,IL,2022,R3,261.886,1.314,0
reading-8,IN,2022,R3,260.504,1.355,0
reading-8,KS,2022,R3,256.182,1.148,0
reading-8,KY,2022,R3,258.492,1.204,0
reading-8,LA,2022,R3,256.646,1.51,0
reading-8,MA,2022,R3,268.753,1.338,0
reading-8,MD,2022,R3,259.294,1.483,0
reading-8,ME,2022,R3,256.712,1.397,0
reading-8,MI,2022,R3,258.515,1.297,0
reading-8,MN,2022,R3,260.469,1.273,0
reading-8,MO,2022,R3,257.625,1.25,0
reading-8,MS,2022,R3,252.929,1.252,0
reading-8,MT,2022,R3,261.185,1.14,0
reading-8,NC,2022,R3,256.156,1.575,0
reading-8,ND,2022,R3,258.084,0.954,0
reading-8,NE,2022,R3,259.313,1.074,0
reading-8,NH,2022,R3,263.182,1.443,0
reading-8,NJ,2022,R3,269.784,1.627,0
reading-8,NM,2022,R3,247.799,1.101,0
reading-8,NP,2022,R3,259.108,0.313,0
reading-8,NV,2022,R3,258.889,1.003,0
reading-8,NY,2022,R3,261.657,1.487,0
reading-8,OH,2022,R3,261.997,1.49,0
reading-8,OK,2022,R3,251.296,1.471,0
reading-8,OR,2022,R3,257.052,1.3,0
reading-8,PA,2022,R3,259.099,1.437,0
reading-8,RI,2022,R3,259.393,1.01,0
reading-8,SC,2022,R3,253.869,1.408,0
reading-8,SD,2022,R3,261.839,1.048,0
reading-8,TN,2022,R3,257.56,1.476,0
reading-8,TX,2022,R3,255.174,1.291,0
reading-8,UT,2022,R3,265.219,1.234,0
reading-8,VA,2022,R3,259.551,1.726,0
reading-8,VT,2022,R3,263.779,1.023,0
reading-8,WA,2022,R3,261.539,1.311,0
reading-8,WI,2022,R3,262.23,1.402,0
reading-8,WV,2022,R3,249.405,1.102,0
reading-8,WY,2022,R3,260.767,1.025,0
reading-8,AK,2017,R3,257.667,0.802,0
reading-8,AL,2017,R3,257.687,1.028,0
reading-8,AR,2017,R3,259.956,0.825,0
reading-8,AZ,2017,R3,262.957,0.894,0
reading-8,CA,2017,R3,262.521,1.166,0
reading-8,CO,2017,R3,270.339,1.307,0
reading-8,CT,2017,R3,272.538,0.906,0
reading-8,DC,2017,R3,246.788,1.042,0
reading-8,DE,2017,R3,263.089,0.825,0
reading-8,FL,2017,R3,266.553,1.072,0
reading-8,GA,2017,R3,266.33,1.088,0
reading-8,HI,2017,R3,260.982,0.798,0
reading-8,IA,2017,R3,267.676,1.12,0
reading-8,ID,2017,R3,269.673,0.888,0
reading-8,IL,2017,R3,266.929,1.114,0
reading-8,IN,2017,R3,272.024,1.001,0
reading-8,KS,2017,R3,267.49,1.021,0
reading-8,KY,2017,R3,265.133,0.817,0
reading-8,LA,2017,R3,256.751,1.454,0
reading-8,MA,2017,R3,277.783,1.099,0
reading-8,MD,2017,R3,267.251,1.036,0
reading-8,ME,2017,R3,268.931,0.914,0
reading-8,MI,2017,R3,265.469,1.065,0
reading-8,MN,2017,R3,268.617,1.025,0
reading-8,MO,2017,R3,266.035,1.214,0
reading-8,MS,2017,R3,256.345,0.744,0
reading-8,MT,2017,R3,267.208,0.792,0
reading-8,NC,2017,R3,262.72,1.172,0
reading-8,ND,2017,R3,265.082,0.806,0
reading-8,NE,2017,R3,268.529,0.727,0
reading-8,NH,2017,R3,274.786,0.918,0
reading-8,NJ,2017,R3,275.045,1.108,0
reading-8,NM,2017,R3,255.579,0.91,0
reading-8,NP,2017,R3,265.329,0.281,0
reading-8,NV,2017,R3,259.806,0.814,0
reading-8,NY,2017,R3,264.158,1.004,0
reading-8,OH,2017,R3,268.451,1.891,0
reading-8,OK,2017,R3,261.237,0.963,0
reading-8,OR,2017,R3,266.217,1.152,0
reading-8,PA,2017,R3,269.554,1.138,0
reading-8,RI,2017,R3,265.768,0.782,0
reading-8,SC,2017,R3,259.753,0.974,0
reading-8,SD,2017,R3,267.356,0.691,0
reading-8,TN,2017,R3,262.047,1.098,0
reading-8,TX,2017,R3,260.343,1.221,0
reading-8,UT,2017,R3,268.752,0.875,0
reading-8,VA,2017,R3,267.745,1.266,0
reading-8,VT,2017,R3,273.403,0.806,0
reading-8,WA,2017,R3,271.617,1.354,0
reading-8,WI,2017,R3,269.371,0.952,0
reading-8,WV,2017,R3,258.7,0.88,0
reading-8,WY,2017,R3,269.02,0.709,0
reading-8,AK,2002,R3,,,320
reading-8,AL,2002,R3,252.502,1.275,0
reading-8,AR,2002,R3,260.135,1.129,0
reading-8,AZ,2002,R3,256.735,1.257,0
reading-8,CA,2002,R3,250.451,1.769,0
reading-8,CO,2002,R3,,,320
reading-8,CT,2002,R3,267.032,1.157,0
reading-8,DC,2002,R3,239.811,0.9,0
reading-8,DE,2002,R3,267.274,0.497,0
reading-8,FL,2002,R3,261.054,1.578,0
reading-8,GA,2002,R3,258.005,1.002,0
reading-8,HI,2002,R3,251.613,0.903,0
reading-8,IA,2002,R3,,,320
reading-8,ID,2002,R3,266.5,1.103,0
reading-8,IL,2002,R3,,,288
reading-8,IN,2002,R3,264.888,1.305,0
reading-8,KS,2002,R3,269.116,1.255,0
reading-8,KY,2002,R3,265.247,1.034,0
reading-8,LA,2002,R3,256.268,1.499,0
reading-8,MA,2002,R3,270.518,1.341,0
reading-8,MD,2002,R3,263.345,1.668,0
reading-8,ME,2002,R3,269.821,0.892,0
reading-8,MI,2002,R3,264.723,1.562,0
reading-8,MN,2002,R3,,,288
reading-8,MO,2002,R3,267.909,1.015,0
reading-8,MS,2002,R3,255.021,0.881,0
reading-8,MT,2002,R3,270.165,0.95,0
reading-8,NC,2002,R3,265.023,1.114,0
reading-8,ND,2002,R3,268.09,0.807,0
reading-8,NE,2002,R3,269.949,0.921,0
reading-8,NH,2002,R3,,,320
reading-8,NJ,2002,R3,,,320
reading-8,NM,2002,R3,253.663,0.983,0
reading-8,NP,2002,R3,262.75,0.463,0
reading-8,NV,2002,R3,251.363,0.763,0
reading-8,NY,2002,R3,263.949,1.547,0
reading-8,OH,2002,R3,268.316,1.638,0
reading-8,OK,2002,R3,262.012,0.827,0
reading-8,OR,2002,R3,268.145,1.341,0
reading-8,PA,2002,R3,265.321,1.036,0
reading-8,RI,2002,R3,261.903,0.828,0
reading-8,SC,2002,R3,257.641,1.126,0
reading-8,SD,2002,R3,,,320
reading-8,TN,2002,R3,260.276,1.376,0
reading-8,TX,2002,R3,262.1,1.436,0
reading-8,UT,2002,R3,263.284,1.116,0
reading-8,VA,2002,R3,269.197,1.029,0
reading-8,VT,2002,R3,271.835,0.851,0
reading-8,WA,2002,R3,268.168,1.208,0
reading-8,WI,2002,R3,,,288
reading-8,WV,2002,R3,263.69,1.016,0
reading-8,WY,2002,R3,264.938,0.673,0
reading-8,AK,2024,R3,246.449,1.31,0
reading-8,AL,2024,R3,249.6,1.538,0
reading-8,AR,2024,R3,254.775,1.197,0
reading-8,AZ,2024,R3,254.343,1.633,0
reading-8,CA,2024,R3,254.372,1.77,0
reading-8,CO,2024,R3,264.537,1.408,0
reading-8,CT,2024,R3,263.097,1.537,0
reading-8,DC,2024,R3,251.298,0.879,0
reading-8,DE,2024,R3,249.452,1.054,0
reading-8,FL,2024,R3,252.858,1.062,0
reading-8,GA,2024,R3,259.327,1.296,0
reading-8,HI,2024,R3,257.284,0.981,0
reading-8,IA,2024,R3,260.701,1.164,0
reading-8,ID,2024,R3,260.729,1.072,0
reading-8,IL,2024,R3,261.62,1.391,0
reading-8,IN,2024,R3,261.658,1.353,0
reading-8,KS,2024,R3,255.49,1.266,0
reading-8,KY,2024,R3,258,1.287,0
reading-8,LA,2024,R3,256.534,1.566,0
reading-8,MA,2024,R3,268.011,1.511,0
reading-8,MD,2024,R3,258.324,1.416,0
reading-8,ME,2024,R3,255.043,1.254,0
reading-8,MI,2024,R3,255.062,1.355,0
reading-8,MN,2024,R3,260.066,1.179,0
reading-8,MO,2024,R3,255.281,1.175,0
reading-8,MS,2024,R3,253.467,1.191,0
reading-8,MT,2024,R3,260.532,1.157,0
reading-8,NC,2024,R3,254.902,1.308,0
reading-8,ND,2024,R3,257.391,0.831,0
reading-8,NE,2024,R3,256.132,1.141,0
reading-8,NH,2024,R3,263.913,1.071,0
reading-8,NJ,2024,R3,265.963,1.402,0
reading-8,NM,2024,R3,245.056,1.308,0
reading-8,NP,2024,R3,256.663,0.361,0
reading-8,NV,2024,R3,253.287,1.364,0
reading-8,NY,2024,R3,256.868,2.281,0
reading-8,OH,2024,R3,260.421,1.48,0
reading-8,OK,2024,R3,248.787,1.642,0
reading-8,OR,2024,R3,254.83,1.2,0
reading-8,PA,2024,R3,259.147,1.381,0
reading-8,RI,2024,R3,257.768,0.789,0
reading-8,SC,2024,R3,253.688,1.204,0
reading-8,SD,2024,R3,259.886,0.91,0
reading-8,TN,2024,R3,258.965,1.611,0
reading-8,TX,2024,R3,252.267,1.44,0
reading-8,UT,2024,R3,261.194,1.205,0
reading-8,VA,2024,R3,256.258,1.268,0
reading-8,VT,2024,R3,257.283,1.129,0
reading-8,WA,2024,R3,259.269,1.533,0
reading-8,WI,2024,R3,260.09,1.466,0
reading-8,WV,2024,R3,247.36,1.323,0
reading-8,WY,2024,R3,259.967,0.886,0
reading-8,AK,2015,R3,260.317,1.098,0
reading-8,AL,2015,R3,258.754,1.122,0
reading-8,AR,2015,R3,258.768,1.245,0
reading-8,AZ,2015,R3,262.769,1.153,0
reading-8,CA,2015,R3,258.987,1.188,0
reading-8,CO,2015,R3,268.073,1.387,0
reading-8,CT,2015,R3,273.048,1.117,0
reading-8,DC,2015,R3,247.653,0.961,0
reading-8,DE,2015,R3,262.613,0.776,0
reading-8,FL,2015,R3,263.383,0.956,0
reading-8,GA,2015,R3,262.269,1.288,0
reading-8,HI,2015,R3,257.35,0.869,0
reading-8,IA,2015,R3,268.201,1.023,0
reading-8,ID,2015,R3,268.553,0.901,0
reading-8,IL,2015,R3,266.807,0.968,0
reading-8,IN,2015,R3,268.253,1.078,0
reading-8,KS,2015,R3,266.766,1.208,0
reading-8,KY,2015,R3,267.773,1.002,0
reading-8,LA,2015,R3,255.469,1.216,0
reading-8,MA,2015,R3,274.498,1.12,0
reading-8,MD,2015,R3,267.906,1.051,0
reading-8,ME,2015,R3,268.391,0.897,0
reading-8,MI,2015,R3,264.497,1.152,0
reading-8,MN,2015,R3,270.237,1.079,0
reading-8,MO,2015,R3,266.876,1.056,0
reading-8,MS,2015,R3,251.976,1.014,0
reading-8,MT,2015,R3,269.957,0.813,0
reading-8,NC,2015,R3,260.595,1.289,0
reading-8,ND,2015,R3,266.955,0.619,0
reading-8,NE,2015,R3,269.426,0.886,0
reading-8,NH,2015,R3,274.807,0.877,0
reading-8,NJ,2015,R3,270.854,1.028,0
reading-8,NM,2015,R3,253.228,0.913,0
reading-8,NP,2015,R3,263.994,0.237,0
reading-8,NV,2015,R3,259.417,0.935,0
reading-8,NY,2015,R3,263.248,1.416,0
reading-8,OH,2015,R3,265.879,1.459,0
reading-8,OK,2015,R3,262.673,1.256,0
reading-8,OR,2015,R3,267.671,1.252,0
reading-8,PA,2015,R3,268.746,1.46,0
reading-8,RI,2015,R3,265.051,0.721,0
reading-8,SC,2015,R3,260.331,1.192,0
reading-8,SD,2015,R3,267.08,0.985,0
reading-8,TN,2015,R3,264.771,1.356,0
reading-8,TX,2015,R3,260.655,1.042,0
reading-8,UT,2015,R3,269.431,0.995,0
reading-8,VA,2015,R3,266.836,1.244,0
reading-8,VT,2015,R3,273.962,0.789,0
reading-8,WA,2015,R3,267.251,1.158,0
reading-8,WI,2015,R3,269.534,1.144,0
reading-8,WV,2015,R3,260.185,0.903,0
reading-8,WY,2015,R3,268.803,0.743,0
reading-8,AK,1998,R3,,,320
reading-8,AL,1998,R3,255.036,1.444,0
reading-8,AR,1998,R3,256.002,1.264,0
reading-8,AZ,1998,R3,259.955,1.104,0
reading-8,CA,1998,R3,252.332,1.615,0
reading-8,CO,1998,R3,263.642,0.995,0
reading-8,CT,1998,R3,270.468,1.025,0
reading-8,DC,1998,R3,235.73,2.118,0
reading-8,DE,1998,R3,253.721,1.331,0
reading-8,FL,1998,R3,254.547,1.411,0
reading-8,GA,1998,R3,257.227,1.362,0
reading-8,HI,1998,R3,248.847,0.972,0
reading-8,IA,1998,R3,,,320
reading-8,ID,1998,R3,,,320
reading-8,IL,1998,R3,,,288
reading-8,IN,1998,R3,,,320
reading-8,KS,1998,R3,267.647,1.434,0
reading-8,KY,1998,R3,262.307,1.412,0
reading-8,LA,1998,R3,251.504,1.375,0
reading-8,MA,1998,R3,268.77,1.386,0
reading-8,MD,1998,R3,260.966,1.775,0
reading-8,ME,1998,R3,271.414,1.172,0
reading-8,MI,1998,R3,,,320
reading-8,MN,1998,R3,265.118,1.357,0
reading-8,MO,1998,R3,262.336,1.313,0
reading-8,MS,1998,R3,251.467,1.158,0
reading-8,MT,1998,R3,270.925,1.32,0
reading-8,NC,1998,R3,262.306,1.053,0
reading-8,ND,1998,R3,,,320
reading-8,NE,1998,R3,,,320
reading-8,NH,1998,R3,,,320
reading-8,NJ,1998,R3,,,320
reading-8,NM,1998,R3,257.972,1.247,0
reading-8,NP,1998,R3,260.661,0.785,0
reading-8,NV,1998,R3,257.778,0.987,0
reading-8,NY,1998,R3,264.794,1.487,0
reading-8,OH,1998,R3,,,320
reading-8,OK,1998,R3,265.246,1.207,0
reading-8,OR,1998,R3,266.021,1.49,0
reading-8,PA,1998,R3,,,320
reading-8,RI,1998,R3,264.388,0.936,0
reading-8,SC,1998,R3,254.799,1.054,0
reading-8,SD,1998,R3,,,320
reading-8,TN,1998,R3,257.939,1.21,0
reading-8,TX,1998,R3,261.162,1.404,0
reading-8,UT,1998,R3,263.431,1.031,0
reading-8,VA,1998,R3,266.493,1.111,0
reading-8,VT,1998,R3,,,320
reading-8,WA,1998,R3,263.817,1.171,0
reading-8,WI,1998,R3,265.326,1.841,0
reading-8,WV,1998,R3,261.783,1.028,0
reading-8,WY,1998,R3,263.198,1.32,0
reading-8,AK,2007,R3,258.798,1.01,0
reading-8,AL,2007,R3,251.937,0.96,0
reading-8,AR,2007,R3,257.961,1.03,0
reading-8,AZ,2007,R3,254.829,1.197,0
reading-8,CA,2007,R3,251.288,0.757,0
reading-8,CO,2007,R3,266.408,1.031,0
reading-8,CT,2007,R3,267.056,1.571,0
reading-8,DC,2007,R3,240.794,0.748,0
reading-8,DE,2007,R3,264.545,0.644,0
reading-8,FL,2007,R3,259.791,1.201,0
reading-8,GA,2007,R3,258.705,1.022,0
reading-8,HI,2007,R3,251.331,0.833,0
reading-8,IA,2007,R3,267.451,0.914,0
reading-8,ID,2007,R3,264.886,0.892,0
reading-8,IL,2007,R3,262.827,0.95,0
reading-8,IN,2007,R3,264.096,1.077,0
reading-8,KS,2007,R3,267.414,0.785,0
reading-8,KY,2007,R3,261.966,1.002,0
reading-8,LA,2007,R3,253.238,1.131,0
reading-8,MA,2007,R3,273.284,1.037,0
reading-8,MD,2007,R3,265.24,1.222,0
reading-8,ME,2007,R3,269.92,0.844,0
reading-8,MI,2007,R3,260.318,1.183,0
reading-8,MN,2007,R3,268.197,0.936,0
reading-8,MO,2007,R3,263.442,0.992,0
reading-8,MS,2007,R3,250.064,1.07,0
reading-8,MT,2007,R3,270.938,0.791,0
reading-8,NC,2007,R3,259.137,1.143,0
reading-8,ND,2007,R3,268.018,0.703,0
reading-8,NE,2007,R3,267.031,0.888,0
reading-8,NH,2007,R3,269.735,0.928,0
reading-8,NJ,2007,R3,270.142,1.135,0
reading-8,NM,2007,R3,250.753,0.844,0
reading-8,NP,2007,R3,261.014,0.201,0
reading-8,NV,2007,R3,252.348,0.83,0
reading-8,NY,2007,R3,263.546,1.112,0
reading-8,OH,2007,R3,267.979,1.195,0
reading-8,OK,2007,R3,259.547,0.766,0
reading-8,OR,2007,R3,265.71,0.936,0
reading-8,PA,2007,R3,267.666,1.242,0
reading-8,RI,2007,R3,258.321,0.852,0
reading-8,SC,2007,R3,257.421,0.948,0
reading-8,SD,2007,R3,269.597,0.71,0
reading-8,TN,2007,R3,259.162,1.031,0
reading-8,TX,2007,R3,260.813,0.903,0
reading-8,UT,2007,R3,262.228,0.969,0
reading-8,VA,2007,R3,266.879,1.065,0
reading-8,VT,2007,R3,273.046,0.804,0
reading-8,WA,2007,R3,264.948,0.923,0
reading-8,WI,2007,R3,264.185,1.029,0
reading-8,WV,2007,R3,254.999,1.023,0
reading-8,WY,2007,R3,266.226,0.718,0